-- phpMyAdmin SQL Dump
-- version 4.4.15.10
-- https://www.phpmyadmin.net
--
-- Host: localhost
-- Generation Time: Jun 22, 2021 at 08:39 PM
-- Server version: 5.5.68-MariaDB
-- PHP Version: 7.3.28

SET SQL_MODE = "NO_AUTO_VALUE_ON_ZERO";
SET time_zone = "+00:00";


/*!40101 SET @OLD_CHARACTER_SET_CLIENT=@@CHARACTER_SET_CLIENT */;
/*!40101 SET @OLD_CHARACTER_SET_RESULTS=@@CHARACTER_SET_RESULTS */;
/*!40101 SET @OLD_COLLATION_CONNECTION=@@COLLATION_CONNECTION */;
/*!40101 SET NAMES utf8mb4 */;

--
-- Database: `petition_master`
--

-- --------------------------------------------------------

--
-- Table structure for table `country`
--

CREATE TABLE IF NOT EXISTS `country` (
  `id` int(11) NOT NULL,
  `number` smallint(3) NOT NULL,
  `alpha` char(2) NOT NULL,
  `calling` smallint(3) NOT NULL,
  `name_en` tinytext NOT NULL,
  `name_bg` tinytext NOT NULL
) ENGINE=InnoDB AUTO_INCREMENT=250 DEFAULT CHARSET=utf8;

--
-- Dumping data for table `country`
--

INSERT INTO `country` (`id`, `number`, `alpha`, `calling`, `name_en`, `name_bg`) VALUES
(1, 4, 'af', 93, 'Afghanistan', 'Afghanistan'),
(2, 8, 'al', 355, 'Albania', 'Albania'),
(3, 10, 'aq', 672, 'Antarctica', 'Antarctica'),
(4, 12, 'dz', 213, 'Algeria', 'Algeria'),
(5, 16, 'as', 1, 'American Samoa', 'American Samoa'),
(6, 20, 'ad', 376, 'Andorra', 'Andorra'),
(7, 24, 'ao', 244, 'Angola', 'Angola'),
(8, 28, 'ag', 1, 'Antigua and Barbuda', 'Antigua and Barbuda'),
(9, 31, 'az', 994, 'Azerbaijan', 'Azerbaijan'),
(10, 32, 'ar', 54, 'Argentina', 'Argentina'),
(11, 36, 'au', 61, 'Australia', 'Australia'),
(12, 40, 'at', 43, 'Austria', 'Austria'),
(13, 44, 'bs', 1, 'The Bahamas', 'The Bahamas'),
(14, 48, 'bh', 973, 'Bahrain', 'Bahrain'),
(15, 50, 'bd', 880, 'Bangladesh', 'Bangladesh'),
(16, 51, 'am', 374, 'Armenia', 'Armenia'),
(17, 52, 'bb', 1, 'Barbados', 'Barbados'),
(18, 56, 'be', 32, 'Belgium', 'Belgium'),
(19, 60, 'bm', 1, 'Bermuda', 'Bermuda'),
(20, 64, 'bt', 975, 'Bhutan', 'Bhutan'),
(21, 68, 'bo', 591, 'Bolivia', 'Bolivia'),
(22, 70, 'ba', 387, 'Bosnia and Herzegovina', 'Bosnia and Herzegovina'),
(23, 72, 'bw', 267, 'Botswana', 'Botswana'),
(24, 74, 'bv', 47, 'Bouvet Island', 'Bouvet Island'),
(25, 76, 'br', 55, 'Brazil', 'Brazil'),
(26, 84, 'bz', 501, 'Belize', 'Belize'),
(27, 86, 'io', 246, 'British Indian Ocean Territory', 'British Indian Ocean Territory'),
(28, 90, 'sb', 677, 'Solomon Islands', 'Solomon Islands'),
(29, 92, 'vg', 1, 'British Virgin Islands', 'British Virgin Islands'),
(30, 96, 'bn', 673, 'Brunei', 'Brunei'),
(31, 100, 'bg', 359, 'Bulgaria', 'България'),
(32, 104, 'mm', 95, 'Myanmar', 'Myanmar'),
(33, 108, 'bi', 257, 'Burundi', 'Burundi'),
(34, 112, 'by', 375, 'Belarus', 'Belarus'),
(35, 116, 'kh', 855, 'Cambodia', 'Cambodia'),
(36, 120, 'cm', 237, 'Cameroon', 'Cameroon'),
(37, 124, 'ca', 1, 'Canada', 'Canada'),
(38, 132, 'cv', 238, 'Cabo Verde', 'Cabo Verde'),
(39, 136, 'ky', 1, 'Cayman Islands', 'Cayman Islands'),
(40, 140, 'cf', 236, 'Central African Republic', 'Central African Republic'),
(41, 144, 'lk', 94, 'Sri Lanka', 'Sri Lanka'),
(42, 148, 'td', 235, 'Chad', 'Chad'),
(43, 152, 'cl', 56, 'Chile', 'Chile'),
(44, 156, 'cn', 86, 'China', 'China'),
(45, 158, 'tw', 886, 'Taiwan', 'Taiwan'),
(46, 162, 'cx', 61, 'Christmas Island', 'Christmas Island'),
(47, 166, 'cc', 61, 'Cocos Islands', 'Cocos Islands'),
(48, 170, 'co', 57, 'Colombia', 'Colombia'),
(49, 174, 'km', 269, 'Comoros', 'Comoros'),
(50, 175, 'yt', 262, 'Mayotte', 'Mayotte'),
(51, 178, 'cg', 242, 'Republic of the Congo', 'Republic of the Congo'),
(52, 180, 'cd', 243, 'Democratic Republic of the Congo', 'Democratic Republic of the Congo'),
(53, 184, 'ck', 682, 'Cook Islands', 'Cook Islands'),
(54, 188, 'cr', 506, 'Costa Rica', 'Costa Rica'),
(55, 191, 'hr', 385, 'Croatia', 'Croatia'),
(56, 192, 'cu', 53, 'Cuba', 'Cuba'),
(57, 196, 'cy', 357, 'Cyprus', 'Cyprus'),
(58, 203, 'cz', 420, 'Czech Republic', 'Czech Republic'),
(59, 204, 'bj', 229, 'Benin', 'Benin'),
(60, 208, 'dk', 45, 'Denmark', 'Denmark'),
(61, 212, 'dm', 1, 'Dominica', 'Dominica'),
(62, 214, 'do', 1, 'Dominican Republic', 'Dominican Republic'),
(63, 218, 'ec', 593, 'Ecuador', 'Ecuador'),
(64, 222, 'sv', 503, 'El Salvador', 'El Salvador'),
(65, 226, 'gq', 240, 'Equatorial Guinea', 'Equatorial Guinea'),
(66, 231, 'et', 251, 'Ethiopia', 'Ethiopia'),
(67, 232, 'er', 291, 'Eritrea', 'Eritrea'),
(68, 233, 'ee', 372, 'Estonia', 'Estonia'),
(69, 234, 'fo', 298, 'Faroe Islands', 'Faroe Islands'),
(70, 238, 'fk', 500, 'Falkland Islands', 'Falkland Islands'),
(71, 239, 'gs', 500, 'South Georgia and the South Sandwich Islands', 'South Georgia and the South Sandwich Islands'),
(72, 242, 'fj', 679, 'Fiji', 'Fiji'),
(73, 246, 'fi', 358, 'Finland', 'Finland'),
(74, 248, 'ax', 358, 'Åland Islands', 'Åland Islands'),
(75, 250, 'fr', 33, 'France', 'France'),
(76, 254, 'gf', 594, 'French Guiana', 'French Guiana'),
(77, 258, 'pf', 689, 'French Polynesia', 'French Polynesia'),
(78, 260, 'tf', 33, 'French Southern and Antarctic Lands', 'French Southern and Antarctic Lands'),
(79, 262, 'dj', 253, 'Djibouti', 'Djibouti'),
(80, 266, 'ga', 241, 'Gabon', 'Gabon'),
(81, 268, 'ge', 995, 'Georgia', 'Georgia'),
(82, 270, 'gm', 220, 'Gambia', 'Gambia'),
(83, 275, 'ps', 970, 'Palestine', 'Palestine'),
(84, 276, 'de', 49, 'Germany', 'Germany'),
(85, 288, 'gh', 233, 'Ghana', 'Ghana'),
(86, 292, 'gi', 350, 'Gibraltar', 'Gibraltar'),
(87, 296, 'ki', 686, 'Kiribati', 'Kiribati'),
(88, 300, 'gr', 30, 'Greece', 'Greece'),
(89, 304, 'gl', 299, 'Greenland', 'Greenland'),
(90, 308, 'gd', 1, 'Grenada', 'Grenada'),
(91, 312, 'gp', 590, 'Guadeloupe', 'Guadeloupe'),
(92, 316, 'gu', 1, 'Guam', 'Guam'),
(93, 320, 'gt', 502, 'Guatemala', 'Guatemala'),
(94, 324, 'gn', 224, 'Guinea', 'Guinea'),
(95, 328, 'gy', 592, 'Guyana', 'Guyana'),
(96, 332, 'ht', 509, 'Haiti', 'Haiti'),
(97, 334, 'hm', 61, 'Heard Island and McDonald Islands', 'Heard Island and McDonald Islands'),
(98, 336, 'va', 39, 'Vatican City', 'Vatican City'),
(99, 340, 'hn', 504, 'Honduras', 'Honduras'),
(100, 344, 'hk', 852, 'Hong Kong', 'Hong Kong'),
(101, 348, 'hu', 36, 'Hungary', 'Hungary'),
(102, 352, 'is', 354, 'Iceland', 'Iceland'),
(103, 356, 'in', 91, 'India', 'India'),
(104, 360, 'id', 62, 'Indonesia', 'Indonesia'),
(105, 364, 'ir', 98, 'Iran', 'Iran'),
(106, 368, 'iq', 964, 'Iraq', 'Iraq'),
(107, 372, 'ie', 353, 'Ireland', 'Ireland'),
(108, 376, 'il', 972, 'Israel', 'Israel'),
(109, 380, 'it', 39, 'Italy', 'Italy'),
(110, 384, 'ci', 225, 'Ivory Coast', 'Ivory Coast'),
(111, 388, 'jm', 1, 'Jamaica', 'Jamaica'),
(112, 392, 'jp', 81, 'Japan', 'Japan'),
(113, 398, 'kz', 7, 'Kazakhstan', 'Kazakhstan'),
(114, 400, 'jo', 962, 'Jordan', 'Jordan'),
(115, 404, 'ke', 254, 'Kenya', 'Kenya'),
(116, 408, 'kp', 850, 'North Korea', 'North Korea'),
(117, 410, 'kr', 82, 'South Korea', 'South Korea'),
(118, 414, 'kw', 965, 'Kuwait', 'Kuwait'),
(119, 417, 'kg', 996, 'Kyrgyzstan', 'Kyrgyzstan'),
(120, 418, 'la', 856, 'Laos', 'Laos'),
(121, 422, 'lb', 961, 'Lebanon', 'Lebanon'),
(122, 426, 'ls', 266, 'Lesotho', 'Lesotho'),
(123, 428, 'lv', 371, 'Latvia', 'Latvia'),
(124, 430, 'lr', 231, 'Liberia', 'Liberia'),
(125, 434, 'ly', 218, 'Libya', 'Libya'),
(126, 438, 'li', 423, 'Liechtenstein', 'Liechtenstein'),
(127, 440, 'lt', 370, 'Lithuania', 'Lithuania'),
(128, 442, 'lu', 352, 'Luxembourg', 'Luxembourg'),
(129, 446, 'mo', 853, 'Macau', 'Macau'),
(130, 450, 'mg', 261, 'Madagascar', 'Madagascar'),
(131, 454, 'mw', 265, 'Malawi', 'Malawi'),
(132, 458, 'my', 60, 'Malaysia', 'Malaysia'),
(133, 462, 'mv', 960, 'Maldives', 'Maldives'),
(134, 466, 'ml', 223, 'Mali', 'Mali'),
(135, 470, 'mt', 356, 'Malta', 'Malta'),
(136, 474, 'mq', 596, 'Martinique', 'Martinique'),
(137, 478, 'mr', 222, 'Mauritania', 'Mauritania'),
(138, 480, 'mu', 230, 'Mauritius', 'Mauritius'),
(139, 484, 'mx', 52, 'Mexico', 'Mexico'),
(140, 492, 'mc', 377, 'Monaco', 'Monaco'),
(141, 496, 'mn', 976, 'Mongolia', 'Mongolia'),
(142, 498, 'md', 373, 'Moldova', 'Moldova'),
(143, 499, 'me', 382, 'Montenegro', 'Montenegro'),
(144, 500, 'ms', 1, 'Montserrat', 'Montserrat'),
(145, 504, 'ma', 212, 'Morocco', 'Morocco'),
(146, 508, 'mz', 258, 'Mozambique', 'Mozambique'),
(147, 512, 'om', 968, 'Oman', 'Oman'),
(148, 516, 'na', 264, 'Namibia', 'Namibia'),
(149, 520, 'nr', 674, 'Nauru', 'Nauru'),
(150, 524, 'np', 977, 'Nepal', 'Nepal'),
(151, 528, 'nl', 31, 'Netherlands', 'Netherlands'),
(152, 531, 'cw', 599, 'Curaçao', 'Curaçao'),
(153, 533, 'aw', 297, 'Aruba', 'Aruba'),
(154, 534, 'sx', 1, 'Sint Maarten', 'Sint Maarten'),
(155, 535, 'bq', 599, 'Caribbean Netherlands', 'Caribbean Netherlands'),
(156, 540, 'nc', 687, 'New Caledonia', 'New Caledonia'),
(157, 548, 'vu', 678, 'Vanuatu', 'Vanuatu'),
(158, 554, 'nz', 64, 'New Zealand', 'New Zealand'),
(159, 558, 'ni', 505, 'Nicaragua', 'Nicaragua'),
(160, 562, 'ne', 227, 'Niger', 'Niger'),
(161, 566, 'ng', 234, 'Nigeria', 'Nigeria'),
(162, 570, 'nu', 683, 'Niue', 'Niue'),
(163, 574, 'nf', 672, 'Norfolk Island', 'Norfolk Island'),
(164, 578, 'no', 47, 'Norway', 'Norway'),
(165, 580, 'mp', 1, 'Northern Mariana Islands', 'Northern Mariana Islands'),
(166, 581, 'um', 1, 'United States Minor Outlying Islands', 'United States Minor Outlying Islands'),
(167, 583, 'fm', 691, 'Federated States of Micronesia', 'Federated States of Micronesia'),
(168, 584, 'mh', 692, 'Marshall Islands', 'Marshall Islands'),
(169, 585, 'pw', 680, 'Palau', 'Palau'),
(170, 586, 'pk', 92, 'Pakistan', 'Pakistan'),
(171, 591, 'pa', 507, 'Panama', 'Panama'),
(172, 598, 'pg', 675, 'Papua New Guinea', 'Papua New Guinea'),
(173, 600, 'py', 595, 'Paraguay', 'Paraguay'),
(174, 604, 'pe', 51, 'Peru', 'Peru'),
(175, 608, 'ph', 63, 'Philippines', 'Philippines'),
(176, 612, 'pn', 64, 'Pitcairn Islands', 'Pitcairn Islands'),
(177, 616, 'pl', 48, 'Poland', 'Poland'),
(178, 620, 'pt', 351, 'Portugal', 'Portugal'),
(179, 624, 'gw', 245, 'Guinea-Bissau', 'Guinea-Bissau'),
(180, 626, 'tl', 670, 'East Timor', 'East Timor'),
(181, 630, 'pr', 1, 'Puerto Rico', 'Puerto Rico'),
(182, 634, 'qa', 974, 'Qatar', 'Qatar'),
(183, 638, 're', 262, 'Réunion', 'Réunion'),
(184, 642, 'ro', 40, 'Romania', 'Romania'),
(185, 643, 'ru', 7, 'Russia', 'Russia'),
(186, 646, 'rw', 250, 'Rwanda', 'Rwanda'),
(187, 652, 'bl', 590, 'Saint Barthélemy', 'Saint Barthélemy'),
(188, 654, 'sh', 290, 'Saint Helena, Ascension and Tristan da Cunha', 'Saint Helena, Ascension and Tristan da Cunha'),
(189, 659, 'kn', 1, 'Saint Kitts and Nevis', 'Saint Kitts and Nevis'),
(190, 660, 'ai', 1, 'Anguilla', 'Anguilla'),
(191, 662, 'lc', 1, 'Saint Lucia', 'Saint Lucia'),
(192, 663, 'mf', 590, 'Saint Martin', 'Saint Martin'),
(193, 666, 'pm', 508, 'Saint Pierre and Miquelon', 'Saint Pierre and Miquelon'),
(194, 670, 'vc', 1, 'Saint Vincent and the Grenadines', 'Saint Vincent and the Grenadines'),
(195, 674, 'sm', 378, 'San Marino', 'San Marino'),
(196, 678, 'st', 239, 'São Tomé and Príncipe', 'São Tomé and Príncipe'),
(197, 682, 'sa', 966, 'Saudi Arabia', 'Saudi Arabia'),
(198, 686, 'sn', 221, 'Senegal', 'Senegal'),
(199, 688, 'rs', 381, 'Serbia', 'Serbia'),
(200, 690, 'sc', 248, 'Seychelles', 'Seychelles'),
(201, 694, 'sl', 232, 'Sierra Leone', 'Sierra Leone'),
(202, 702, 'sg', 65, 'Singapore', 'Singapore'),
(203, 703, 'sk', 421, 'Slovakia', 'Slovakia'),
(204, 704, 'vn', 84, 'Vietnam', 'Vietnam'),
(205, 705, 'si', 386, 'Slovenia', 'Slovenia'),
(206, 706, 'so', 252, 'Somalia', 'Somalia'),
(207, 710, 'za', 27, 'South Africa', 'South Africa'),
(208, 716, 'zw', 263, 'Zimbabwe', 'Zimbabwe'),
(209, 724, 'es', 34, 'Spain', 'Spain'),
(210, 728, 'ss', 211, 'South Sudan', 'South Sudan'),
(211, 729, 'sd', 249, 'Sudan', 'Sudan'),
(212, 732, 'eh', 212, 'Western Sahara', 'Western Sahara'),
(213, 740, 'sr', 597, 'Suriname', 'Suriname'),
(214, 744, 'sj', 47, 'Svalbard and Jan Mayen', 'Svalbard and Jan Mayen'),
(215, 748, 'sz', 268, 'Swaziland', 'Swaziland'),
(216, 752, 'se', 46, 'Sweden', 'Sweden'),
(217, 756, 'ch', 41, 'Switzerland', 'Switzerland'),
(218, 760, 'sy', 963, 'Syria', 'Syria'),
(219, 762, 'tj', 992, 'Tajikistan', 'Tajikistan'),
(220, 764, 'th', 66, 'Thailand', 'Thailand'),
(221, 768, 'tg', 228, 'Togo', 'Togo'),
(222, 772, 'tk', 690, 'Tokelau', 'Tokelau'),
(223, 776, 'to', 676, 'Tonga', 'Tonga'),
(224, 780, 'tt', 1, 'Trinidad and Tobago', 'Trinidad and Tobago'),
(225, 784, 'ae', 971, 'United Arab Emirates', 'United Arab Emirates'),
(226, 788, 'tn', 216, 'Tunisia', 'Tunisia'),
(227, 792, 'tr', 90, 'Turkey', 'Turkey'),
(228, 795, 'tm', 993, 'Turkmenistan', 'Turkmenistan'),
(229, 796, 'tc', 1, 'Turks and Caicos Islands', 'Turks and Caicos Islands'),
(230, 798, 'tv', 688, 'Tuvalu', 'Tuvalu'),
(231, 800, 'ug', 256, 'Uganda', 'Uganda'),
(232, 804, 'ua', 380, 'Ukraine', 'Ukraine'),
(233, 807, 'mk', 389, 'Macedonia', 'Macedonia'),
(234, 818, 'eg', 20, 'Egypt', 'Egypt'),
(235, 826, 'gb', 44, 'United Kingdom', 'United Kingdom'),
(236, 831, 'gg', 44, 'Guernsey', 'Guernsey'),
(237, 832, 'je', 44, 'Jersey', 'Jersey'),
(238, 833, 'im', 44, 'Isle of Man', 'Isle of Man'),
(239, 834, 'tz', 255, 'Tanzania', 'Tanzania'),
(240, 840, 'us', 1, 'United States', 'United States'),
(241, 850, 'vi', 1, 'United States Virgin Islands', 'United States Virgin Islands'),
(242, 854, 'bf', 226, 'Burkina Faso', 'Burkina Faso'),
(243, 858, 'uy', 598, 'Uruguay', 'Uruguay'),
(244, 860, 'uz', 998, 'Uzbekistan', 'Uzbekistan'),
(245, 862, 've', 58, 'Venezuela', 'Venezuela'),
(246, 876, 'wf', 681, 'Wallis and Futuna', 'Wallis and Futuna'),
(247, 882, 'ws', 685, 'Samoa', 'Samoa'),
(248, 887, 'ye', 967, 'Yemen', 'Yemen'),
(249, 894, 'zm', 260, 'Zambia', 'Zambia');

-- --------------------------------------------------------

--
-- Table structure for table `petition`
--

CREATE TABLE IF NOT EXISTS `petition` (
  `id` int(10) unsigned NOT NULL,
  `name` varchar(64) CHARACTER SET utf8 COLLATE utf8_bin NOT NULL,
  `hostname` varchar(64) COLLATE latin1_bin NOT NULL,
  `code` varchar(32) COLLATE latin1_bin NOT NULL,
  `config` varchar(4096) CHARACTER SET utf8 COLLATE utf8_bin NOT NULL
) ENGINE=InnoDB AUTO_INCREMENT=7 DEFAULT CHARSET=latin1 COLLATE=latin1_bin;

--
-- Dumping data for table `petition`
--

INSERT INTO `petition` (`id`, `name`, `hostname`, `code`, `config`) VALUES
(2, 'Fur Free Retailer', 'furfree.petition-master.localsrv.therendstudio.net', 'FurFreeRetailer', '{"template_name":"lumen","page_title":"\\u041f\\u0435\\u0442\\u0438\\u0446\\u0438\\u044f \\u0441\\u0440\\u0435\\u0449\\u0443 \\u043f\\u0440\\u043e\\u0434\\u0430\\u0436\\u0431\\u0430\\u0442\\u0430 \\u043d\\u0430 \\u043a\\u043e\\u0436\\u0438 \\u0441 \\u043a\\u043e\\u0441\\u044a\\u043c","page_description":"\\u041f\\u0440\\u0438\\u0437\\u043e\\u0432\\u0435\\u0442\\u0435 \\u0442\\u044a\\u0440\\u0433\\u043e\\u0432\\u0446\\u0438\\u0442\\u0435 \\u0434\\u0430 \\u043d\\u0435 \\u043f\\u043e\\u0434\\u043a\\u0440\\u0435\\u043f\\u044f\\u0442 \\u043a\\u043e\\u0436\\u0443\\u0445\\u0430\\u0440\\u0441\\u043a\\u0430\\u0442\\u0430 \\u0438\\u043d\\u0434\\u0443\\u0441\\u0442\\u0440\\u0438\\u044f! \\u0417\\u0430\\u0435\\u0434\\u043d\\u043e \\u043c\\u043e\\u0436\\u0435\\u043c \\u0434\\u0430 \\u0441\\u043f\\u0430\\u0441\\u0438\\u043c \\u0441\\u0442\\u043e\\u0442\\u0438\\u0446\\u0438 \\u0445\\u0438\\u043b\\u044f\\u0434\\u0438 \\u0436\\u0438\\u0432\\u043e\\u0442\\u043d\\u0438.","code_snippets_header":"","code_snippets_footer":"","favicon":"favicon.png","backtotop_plugin":"1"}'),
(6, 'Test', 'test.therendstudio.com', 'ffr_', '{"template_name":"lumen","page_title":"\\u041f\\u0435\\u0442\\u0438\\u0446\\u0438\\u044f \\u0441\\u0440\\u0435\\u0449\\u0443 \\u043f\\u0440\\u043e\\u0434\\u0430\\u0436\\u0431\\u0430\\u0442\\u0430 \\u043d\\u0430 \\u043a\\u043e\\u0436\\u0438 \\u0441 \\u043a\\u043e\\u0441\\u044a\\u043c","page_description":"\\u041f\\u0440\\u0438\\u0437\\u043e\\u0432\\u0435\\u0442\\u0435 \\u0442\\u044a\\u0440\\u0433\\u043e\\u0432\\u0446\\u0438\\u0442\\u0435 \\u0434\\u0430 \\u043d\\u0435 \\u043f\\u043e\\u0434\\u043a\\u0440\\u0435\\u043f\\u044f\\u0442 \\u043a\\u043e\\u0436\\u0443\\u0445\\u0430\\u0440\\u0441\\u043a\\u0430\\u0442\\u0430 \\u0438\\u043d\\u0434\\u0443\\u0441\\u0442\\u0440\\u0438\\u044f! \\u0417\\u0430\\u0435\\u0434\\u043d\\u043e \\u043c\\u043e\\u0436\\u0435\\u043c \\u0434\\u0430 \\u0441\\u043f\\u0430\\u0441\\u0438\\u043c \\u0441\\u0442\\u043e\\u0442\\u0438\\u0446\\u0438 \\u0445\\u0438\\u043b\\u044f\\u0434\\u0438 \\u0436\\u0438\\u0432\\u043e\\u0442\\u043d\\u0438.","favicon":"favicon.png","backtotop_plugin":"1"}');

-- --------------------------------------------------------

--
-- Table structure for table `section`
--

CREATE TABLE IF NOT EXISTS `section` (
  `id` int(10) unsigned NOT NULL,
  `petition_id` int(10) unsigned NOT NULL,
  `mask_pages` tinyint(3) unsigned NOT NULL DEFAULT '1',
  `parent_id` int(10) unsigned DEFAULT NULL,
  `order_ind` int(10) unsigned NOT NULL,
  `title` varchar(32) CHARACTER SET utf8 COLLATE utf8_bin NOT NULL,
  `type` varchar(16) COLLATE latin1_bin NOT NULL,
  `tag_id` varchar(16) COLLATE latin1_bin DEFAULT NULL,
  `tag_additional_classes` varchar(64) COLLATE latin1_bin DEFAULT NULL,
  `background_image` varchar(32) CHARACTER SET utf8 COLLATE utf8_bin DEFAULT NULL,
  `background_image_mobile` varchar(32) CHARACTER SET utf8 COLLATE utf8_bin DEFAULT NULL,
  `data` text CHARACTER SET utf8mb4 COLLATE utf8mb4_bin NOT NULL
) ENGINE=InnoDB AUTO_INCREMENT=112 DEFAULT CHARSET=latin1 COLLATE=latin1_bin;

--
-- Dumping data for table `section`
--

INSERT INTO `section` (`id`, `petition_id`, `mask_pages`, `parent_id`, `order_ind`, `title`, `type`, `tag_id`, `tag_additional_classes`, `background_image`, `background_image_mobile`, `data`) VALUES
(29, 2, 1, NULL, 3, 'Video Section', 'stack', 'video', 'video', '', NULL, '{"container_tag_additional_classes":"","orientation":"vertical","count_cells":"2","stack":["{\\"id\\":35}","{\\"id\\":30}"]}'),
(30, 2, 1, 29, 0, 'Video', 'video', NULL, NULL, NULL, NULL, '{"embed_code":"<iframe allowfullscreen=\\"allowfullscreen\\" class=\\"embed-responsive-item\\" src=\\"https:\\/\\/www.youtube.com\\/embed\\/NLO1WuIlmxY\\" frameborder=\\"0\\"><\\/iframe>"}'),
(34, 2, 1, NULL, 2, 'Help stop this', 'text', '', 'text-center', '', NULL, '{"content":"<p>\\r\\n\\t\\u041b\\u0438\\u0441\\u0438\\u0446\\u0438 \\u043a\\u0430\\u0442\\u043e \\u0442\\u0430\\u0437\\u0438 \\u0441\\u0435 \\u0434\\u044a\\u0440\\u0436\\u0430\\u0442 \\u0432 \\u043c\\u0430\\u043b\\u043a\\u0438 \\u0442\\u0435\\u043b\\u0435\\u043d\\u0438 \\u043a\\u043b\\u0435\\u0442\\u043a\\u0438 \\u0438 \\u0441\\u0435 \\u0443\\u0431\\u0438\\u0432\\u0430\\u0442 \\u0441 \\u0442\\u043e\\u043a\\u043e\\u0432 \\u0443\\u0434\\u0430\\u0440, \\u0441\\u0430\\u043c\\u043e \\u0437\\u0430 \\u0434\\u0430 \\u043c\\u043e\\u0433\\u0430\\u0442 \\u0434\\u0430 \\u0441\\u0435 \\u043f\\u0440\\u043e\\u0434\\u0430\\u0432\\u0430\\u0442 \\u043c\\u043e\\u0434\\u043d\\u0438 \\u0430\\u043a\\u0441\\u0435\\u0441\\u043e\\u0430\\u0440\\u0438 \\u0438 \\u043f\\u0430\\u043b\\u0442\\u0430 \\u0441 \\u043a\\u0440\\u0430\\u0441\\u0438\\u0432\\u0430\\u0442\\u0430 \\u0438\\u043c \\u043a\\u043e\\u0437\\u0438\\u043d\\u0430.\\r\\n<\\/p>\\r\\n<h3 class=\\"text-decorated\\">\\u041f\\u043e\\u043c\\u043e\\u0433\\u043d\\u0435\\u0442\\u0435 \\u043d\\u0438 \\u0434\\u0430 \\u0441\\u043f\\u0440\\u0435\\u043c \\u0442\\u043e\\u0432\\u0430!<\\/h3>"}'),
(35, 2, 1, 29, 0, 'Video text', 'text', '', 'col-12 col-md-11 col-lg-7 text-center mx-auto', '', NULL, '{"content":"<div class=\\"bullet-icon\\"><img width=\\"37\\" src=\\"data:image\\/svg+xml;base64,PHN2ZyB3aWR0aD0iMjJweCIgaGVpZ2h0PSIyMnB4IiB2aWV3Qm94PSIwIDAgMjIgMjIiIHZlcnNpb249IjEuMSIgeG1sbnM9Imh0dHA6Ly93d3cudzMub3JnLzIwMDAvc3ZnIiB4bWxuczp4bGluaz0iaHR0cDovL3d3dy53My5vcmcvMTk5OS94bGluayI+CiAgICA8ZGVmcz48L2RlZnM+CiAgICA8ZyBpZD0iSG9tZXBhZ2UiIHN0cm9rZT0ibm9uZSIgc3Ryb2tlLXdpZHRoPSIxIiBmaWxsPSJub25lIiBmaWxsLXJ1bGU9ImV2ZW5vZGQiIHN0cm9rZS1saW5lY2FwPSJyb3VuZCIgc3Ryb2tlLWxpbmVqb2luPSJyb3VuZCI+CiAgICAgICAgPGcgaWQ9IkhlYWRpbmctQ29weSIgdHJhbnNmb3JtPSJ0cmFuc2xhdGUoLTI3OS4wMDAwMDAsIC00OTguMDAwMDAwKSIgc3Ryb2tlPSIjRkZGRkZGIiBzdHJva2Utd2lkdGg9IjIiPgogICAgICAgICAgICA8ZyBpZD0iYnRuLXNlY29uZGFyeSIgdHJhbnNmb3JtPSJ0cmFuc2xhdGUoMjI0LjAwMDAwMCwgNDgzLjAwMDAwMCkiPgogICAgICAgICAgICAgICAgPGcgaWQ9InBsYXktY2lyY2xlIiB0cmFuc2Zvcm09InRyYW5zbGF0ZSg1Ni4wMDAwMDAsIDE2LjAwMDAwMCkiPgogICAgICAgICAgICAgICAgICAgIDxjaXJjbGUgaWQ9Ik92YWwiIGN4PSIxMCIgY3k9IjEwIiByPSIxMCI+PC9jaXJjbGU+CiAgICAgICAgICAgICAgICAgICAgPHBvbHlnb24gaWQ9IlNoYXBlIiBwb2ludHM9IjggNiAxNCAxMCA4IDE0Ij48L3BvbHlnb24+CiAgICAgICAgICAgICAgICA8L2c+CiAgICAgICAgICAgIDwvZz4KICAgICAgICA8L2c+CiAgICA8L2c+Cjwvc3ZnPgo=\\"><\\/div>\\r\\n<p class=\\"video-title\\">\\u0417\\u043d\\u0430\\u0435\\u0442\\u0435 \\u043b\\u0438, \\u0447\\u0435...<\\/p>\\r\\n<p class=\\"video-subtitle underlined-title\\">\\u0432\\u0441\\u0435\\u043a\\u0438 \\u0430\\u0440\\u0442\\u0438\\u043a\\u0443\\u043b \\u0441 \\u0436\\u0438\\u0432\\u043e\\u0442\\u0438\\u043d\\u0441\\u043a\\u0430 \\u043a\\u043e\\u0437\\u0438\\u043d\\u0430 \\u043e\\u0437\\u043d\\u0430\\u0447\\u0430\\u0432\\u0430 \\u0443\\u0436\\u0430\\u0441\\u043d\\u043e \\u0441\\u0442\\u0440\\u0430\\u0434\\u0430\\u043d\\u0438\\u0435 \\u0437\\u0430 \\u0436\\u0438\\u0432\\u043e\\u0442\\u043d\\u0438\\u0442\\u0435?<\\/p>\\r\\n<p class=\\"video-text\\">\\u041f\\u043e-\\u0433\\u043e\\u043b\\u044f\\u043c\\u0430\\u0442\\u0430 \\u0447\\u0430\\u0441\\u0442 \\u043e\\u0442 \\u0431\\u044a\\u043b\\u0433\\u0430\\u0440\\u0438\\u0442\\u0435 \\u0441\\u0430 \\u043f\\u0440\\u043e\\u0442\\u0438\\u0432 \\u043a\\u043e\\u0436\\u0443\\u0445\\u0430\\u0440\\u0441\\u043a\\u0430\\u0442\\u0430 \\u0438\\u043d\\u0434\\u0443\\u0441\\u0442\\u0440\\u0438\\u044f, \\u043d\\u043e \\u0432\\u0441\\u0435 \\u043e\\u0449\\u0435 \\u043c\\u0430\\u043b\\u043a\\u043e \\u0431\\u044a\\u043b\\u0433\\u0430\\u0440\\u0441\\u043a\\u0438 \\u043a\\u043e\\u043c\\u043f\\u0430\\u043d\\u0438\\u0438 \\u0441\\u0430 \\u0441\\u0435 \\u043e\\u0442\\u043a\\u0430\\u0437\\u0430\\u043b\\u0438 \\u043e\\u0444\\u0438\\u0446\\u0438\\u0430\\u043b\\u043d\\u043e \\u043e\\u0442 \\u0436\\u0435\\u0441\\u0442\\u043e\\u043a\\u0430\\u0442\\u0430 \\u043c\\u0430\\u0442\\u0435\\u0440\\u0438\\u044f.<\\/p>"}'),
(36, 2, 1, NULL, 4, 'Цял живот в малка клетка', 'stack', '', '', '', NULL, '{"container_tag_additional_classes":"align-items-center","orientation":"horizontal","count_cells":"2","stack":["{\\"id\\":37}","{\\"id\\":38}"]}'),
(37, 2, 1, 36, 0, 'Цял живот в малка клетка', 'text', '', 'text-justify', '', NULL, '{"content":"<h3>\\u0426\\u044f\\u043b \\u0436\\u0438\\u0432\\u043e\\u0442 \\u0432 \\u043c\\u0430\\u043b\\u043a\\u0430 \\u043a\\u043b\\u0435\\u0442\\u043a\\u0430<\\/h3><p>\\u041b\\u0438\\u0441\\u0438\\u0446\\u0438\\u0442\\u0435 \\u0438 \\u0435\\u043d\\u043e\\u0442\\u043e\\u0432\\u0438\\u0434\\u043d\\u0438\\u0442\\u0435 \\u043a\\u0443\\u0447\\u0435\\u0442\\u0430 \\u0440\\u0430\\u0437\\u043f\\u043e\\u043b\\u0430\\u0433\\u0430\\u0442 \\u0441 0,7 m\\u00b2, \\u0430 \\u043d\\u043e\\u0440\\u043a\\u0438\\u0442\\u0435 \\u2013 \\u0441 \\r\\n0,255 m\\u00b2. \\u0417\\u0430 \\u0436\\u0438\\u0432\\u043e\\u0442\\u043d\\u0438, \\u043a\\u043e\\u0438\\u0442\\u043e \\u0432 \\u043f\\u0440\\u0438\\u0440\\u043e\\u0434\\u0430\\u0442\\u0430 \\u043e\\u0431\\u0438\\u043a\\u0430\\u043b\\u044f\\u0442 \\u0442\\u0435\\u0440\\u0438\\u0442\\u043e\\u0440\\u0438\\u0438 \\u043e\\u0442 \\u043f\\u043e \\u043d\\u044f\\u043a\\u043e\\u043b\\u043a\\u043e\\r\\n \\u043a\\u0432\\u0430\\u0434\\u0440\\u0430\\u0442\\u043d\\u0438 \\u043a\\u0438\\u043b\\u043e\\u043c\\u0435\\u0442\\u0440\\u0430, \\u0442\\u043e\\u0432\\u0430 \\u0442\\u044f\\u0441\\u043d\\u043e \\u043f\\u0440\\u043e\\u0441\\u0442\\u0440\\u0430\\u043d\\u0441\\u0442\\u0432\\u043e \\u0435 \\u043d\\u0435\\u043f\\u043e\\u043d\\u043e\\u0441\\u0438\\u043c\\u043e. \\u0422\\u043e \\u0435 \\u043f\\u0440\\u0438\\u0447\\u0438\\u043d\\u0430\\r\\n \\u0437\\u0430 \\u0430\\u0433\\u0440\\u0435\\u0441\\u0438\\u044f \\u0438 \\u043f\\u043e\\u0432\\u0435\\u0434\\u0435\\u043d\\u0447\\u0435\\u0441\\u043a\\u0438 \\u0440\\u0430\\u0437\\u0441\\u0442\\u0440\\u043e\\u0439\\u0441\\u0442\\u0432\\u0430.&nbsp;<\\/p>"}'),
(38, 2, 1, 36, 0, 'Small cage', 'image', '', '', NULL, NULL, '{"image_name":"Small-cage.jpg","is_poppable":1,"caption":"\\u0426\\u044f\\u043b \\u0436\\u0438\\u0432\\u043e\\u0442 \\u0432 \\u043c\\u0430\\u043b\\u043a\\u0430 \\u043a\\u043b\\u0435\\u0442\\u043a\\u0430"}'),
(39, 2, 1, NULL, 5, 'Телената клетка е всичко, което', 'stack', '', 'image-text', '', NULL, '{"container_tag_additional_classes":"align-items-center","orientation":"horizontal","count_cells":"2","stack":["{\\"id\\":70}","{\\"id\\":43}"]}'),
(43, 2, 1, 39, 0, 'Телената клетка е всичко, което', 'text', '', 'text-justify', '', NULL, '{"content":"<h3>\\u0422\\u0435\\u043b\\u0435\\u043d\\u0430\\u0442\\u0430 \\u043a\\u043b\\u0435\\u0442\\u043a\\u0430 \\u0435 \\u0432\\u0441\\u0438\\u0447\\u043a\\u043e, \\u043a\\u043e\\u0435\\u0442\\u043e \\u043f\\u043e\\u0437\\u043d\\u0430\\u0432\\u0430\\u0442&nbsp;<\\/h3><p>\\u0416\\u0438\\u0432\\u043e\\u0442\\u043d\\u0438\\u0442\\u0435, \\u043e\\u0442\\u0433\\u043b\\u0435\\u0436\\u0434\\u0430\\u043d\\u0438 \\u043e\\u0441\\u043d\\u043e\\u0432\\u043d\\u043e \\u0437\\u0430 \\u043a\\u043e\\u0436\\u0438, \\u0441\\u0435 \\u0440\\u0430\\u0436\\u0434\\u0430\\u0442 \\u0432 \\u0442\\u0435\\u043b\\u0435\\u043d\\u0438 \\u043a\\u043b\\u0435\\u0442\\u043a\\u0438 \\u0438 \\r\\n\\u0436\\u0438\\u0432\\u0435\\u044f\\u0442 \\u0432 \\u0442\\u044f\\u0445, \\u0434\\u043e\\u043a\\u0430\\u0442\\u043e \\u043d\\u0435 \\u0431\\u044a\\u0434\\u0430\\u0442 \\u0443\\u0431\\u0438\\u0442\\u0438. \\u041e\\u0441\\u043e\\u0431\\u0435\\u043d\\u043e \\u043f\\u0440\\u0438 \\u043c\\u0430\\u043b\\u043a\\u0438\\u0442\\u0435 \\u0431\\u0435\\u0431\\u0435\\u0442\\u0430, \\u0442\\u043e\\u0432\\u0430 \\r\\n\\u0432\\u043e\\u0434\\u0438 \\u0434\\u043e \\u043d\\u0430\\u0440\\u0430\\u043d\\u044f\\u0432\\u0430\\u043d\\u0435 \\u043d\\u0430 \\u043b\\u0430\\u043f\\u0438\\u0442\\u0435, \\u043e\\u0433\\u0440\\u0430\\u043d\\u0438\\u0447\\u0430\\u0432\\u0430\\u043d\\u0435 \\u043d\\u0430 \\u0434\\u0432\\u0438\\u0436\\u0435\\u043d\\u0438\\u0435\\u0442\\u043e, \\u0434\\u0435\\u0444\\u043e\\u0440\\u043c\\u0430\\u0446\\u0438\\u0438, \\u0430 \\r\\n\\u0447\\u0435\\u0441\\u0442\\u043e \\u0434\\u043e\\u0440\\u0438 \\u0441\\u043c\\u044a\\u0440\\u0442.&nbsp;&nbsp;<\\/p>"}'),
(44, 2, 1, NULL, 6, 'Агресия и самонараняване', 'stack', '', '', '', NULL, '{"container_tag_additional_classes":"align-items-center","orientation":"horizontal","count_cells":"2","stack":["{\\"id\\":45}","{\\"id\\":46}"]}'),
(45, 2, 1, 44, 0, 'Агресия и самонараняване', 'text', '', 'text-justify', '', NULL, '{"content":"<h3>\\u0410\\u0433\\u0440\\u0435\\u0441\\u0438\\u044f \\u0438 \\u0441\\u0430\\u043c\\u043e\\u043d\\u0430\\u0440\\u0430\\u043d\\u044f\\u0432\\u0430\\u043d\\u0435<\\/h3><p>\\u0416\\u0438\\u0432\\u043e\\u0442\\u044a\\u0442 \\u0432 \\u043a\\u043b\\u0435\\u0442\\u043a\\u0430 \\u0438 \\u0441\\u0438\\u043b\\u043d\\u0438\\u044f\\u0442 \\u0441\\u0442\\u0440\\u0435\\u0441 \\u0441\\u0430 \\u043f\\u0440\\u0438\\u0447\\u0438\\u043d\\u0438 \\u0437\\u0430 \\u043f\\u043e\\u0432\\u0435\\u0434\\u0435\\u043d\\u0447\\u0435\\u0441\\u043a\\u0438 \\u043f\\u0440\\u043e\\u0431\\u043b\\u0435\\u043c\\u0438 \\r\\n\\u043a\\u0430\\u0442\\u043e \\u0430\\u0433\\u0440\\u0435\\u0441\\u0438\\u044f \\u0441\\u043f\\u0440\\u044f\\u043c\\u043e \\u0434\\u0440\\u0443\\u0433\\u0438\\u0442\\u0435 \\u0436\\u0438\\u0432\\u043e\\u0442\\u043d\\u0438 \\u0438 \\u0441\\u0430\\u043c\\u043e\\u043d\\u0430\\u0440\\u0430\\u043d\\u044f\\u0432\\u0430\\u043d\\u0435. \\u0420\\u0430\\u043d\\u0438\\u0442\\u0435 \\u043e\\u0441\\u0442\\u0430\\u0432\\u0430\\u0442 \\r\\n\\u043d\\u0435\\u043b\\u0435\\u043a\\u0443\\u0432\\u0430\\u043d\\u0438 \\u0438 \\u0447\\u0435\\u0441\\u0442\\u043e \\u0437\\u0430\\u0432\\u044a\\u0440\\u0448\\u0432\\u0430\\u0442 \\u0441 \\u0438\\u043d\\u0444\\u0435\\u043a\\u0446\\u0438\\u0438 \\u0438 \\u0441\\u043c\\u044a\\u0440\\u0442, \\u0437\\u0430\\u0449\\u043e\\u0442\\u043e \\u043b\\u0435\\u0447\\u0435\\u043d\\u0438\\u0435\\u0442\\u043e  \\u043d\\u0435 \\u0435 \\r\\n\\u0440\\u0435\\u043d\\u0442\\u0430\\u0431\\u0438\\u043b\\u043d\\u043e \\u0437\\u0430 \\u043a\\u043e\\u0436\\u0443\\u0445\\u0430\\u0440\\u0441\\u043a\\u0430\\u0442\\u0430 \\u0438\\u043d\\u0434\\u0443\\u0441\\u0442\\u0440\\u0438\\u044f.&nbsp;<\\/p>"}'),
(46, 2, 1, 44, 0, 'Aggression', 'image', '', '', NULL, NULL, '{"image_name":"Self-agression.jpg","is_poppable":1,"caption":"\\u0410\\u0433\\u0440\\u0435\\u0441\\u0438\\u044f \\u0438 \\u0441\\u0430\\u043c\\u043e\\u043d\\u0430\\u0440\\u0430\\u043d\\u044f\\u0432\\u0430\\u043d\\u0435"}'),
(47, 2, 1, NULL, 7, 'Канибализъм', 'stack', '', 'image-text', '', NULL, '{"container_tag_additional_classes":"align-items-center","orientation":"horizontal","count_cells":"2","stack":["{\\"id\\":48}","{\\"id\\":49}"]}'),
(48, 2, 1, 47, 0, 'Cannibalism', 'image', '', '', NULL, NULL, '{"image_name":"Cannibalism.jpg","is_poppable":1,"caption":"\\u041a\\u0430\\u043d\\u0438\\u0431\\u0430\\u043b\\u0438\\u0437\\u044a\\u043c"}'),
(49, 2, 1, 47, 0, 'Канибализъм', 'text', '', 'text-justify', '', NULL, '{"content":"<h3>\\u041a\\u0430\\u043d\\u0438\\u0431\\u0430\\u043b\\u0438\\u0437\\u044a\\u043c<\\/h3><p>\\u0415\\u0434\\u043d\\u0430 \\u043e\\u0442 \\u043d\\u0430\\u0439-\\u0441\\u0442\\u0440\\u0430\\u0448\\u043d\\u0438\\u0442\\u0435 \\u043f\\u043e\\u0441\\u043b\\u0435\\u0434\\u0438\\u0446\\u0438 \\u043e\\u0442 \\u0436\\u0438\\u0432\\u043e\\u0442\\u0430 \\u0432 \\u043a\\u043b\\u0435\\u0442\\u043a\\u0430 \\u0435 \\u043a\\u0430\\u043d\\u0438\\u0431\\u0430\\u043b\\u0438\\u0437\\u043c\\u044a\\u0442. \\u0412 \\r\\n\\u0443\\u0441\\u043b\\u043e\\u0432\\u0438\\u044f\\u0442\\u0430 \\u043d\\u0430 \\u0438\\u043d\\u0434\\u0443\\u0441\\u0442\\u0440\\u0438\\u0430\\u043b\\u043d\\u043e \\u043e\\u0442\\u0433\\u043b\\u0435\\u0436\\u0434\\u0430\\u043d\\u0435 \\u0436\\u0438\\u0432\\u043e\\u0442\\u043d\\u0438\\u0442\\u0435, \\u0436\\u0438\\u0432\\u0435\\u0435\\u0449\\u0438 \\u0432 \\u0435\\u0434\\u043d\\u0430 \\u043a\\u043b\\u0435\\u0442\\u043a\\u0430, \\r\\n\\u0447\\u0435\\u0441\\u0442\\u043e \\u0438\\u0437\\u044f\\u0436\\u0434\\u0430\\u0442 \\u043c\\u0430\\u043b\\u043a\\u0438\\u0442\\u0435 \\u0441\\u0438 \\u0438\\u043b\\u0438 \\u0434\\u0440\\u0443\\u0433\\u0438 \\u0441\\u0435\\u0431\\u0435\\u043f\\u043e\\u0434\\u043e\\u0431\\u043d\\u0438.&nbsp;<\\/p>"}'),
(50, 2, 1, NULL, 8, 'Болезнена смърт', 'stack', '', '', '', NULL, '{"container_tag_additional_classes":"align-items-center","orientation":"horizontal","count_cells":"2","stack":["{\\"id\\":51}","{\\"id\\":52}"]}'),
(51, 2, 1, 50, 0, 'Болезнена смърт', 'text', '', 'text-justify', '', NULL, '{"content":"<h3>\\u0411\\u043e\\u043b\\u0435\\u0437\\u043d\\u0435\\u043d\\u0430 \\u0441\\u043c\\u044a\\u0440\\u0442<\\/h3><p>\\u041b\\u0438\\u0441\\u0438\\u0446\\u0438\\u0442\\u0435 \\u0438 \\u0435\\u043d\\u043e\\u0442\\u043e\\u0432\\u0438\\u0434\\u043d\\u0438\\u0442\\u0435 \\u043a\\u0443\\u0447\\u0435\\u0442\\u0430 \\u0441\\u0435 \\u0443\\u0431\\u0438\\u0432\\u0430\\u0442 \\u0447\\u0440\\u0435\\u0437 \\u0442\\u043e\\u043a\\u043e\\u0432 \\u0443\\u0434\\u0430\\u0440 \\u043f\\u0440\\u0435\\u0437 \\r\\n\\u043c\\u0443\\u0446\\u0443\\u043d\\u0430\\u0442\\u0430 \\u0438 \\u0440\\u0435\\u043a\\u0442\\u0443\\u043c\\u0430, \\u043d\\u043e\\u0440\\u043a\\u0438\\u0442\\u0435 \\u2013 \\u043d\\u0430\\u0442\\u044a\\u043f\\u043a\\u0430\\u043d\\u0438 \\u0432 \\u0433\\u0430\\u0437\\u043e\\u0432\\u0438 \\u043a\\u0430\\u043c\\u0435\\u0440\\u0438, \\u0430 \\u0447\\u0438\\u043d\\u0447\\u0438\\u043b\\u0438\\u0442\\u0435 \\u0433\\u0438 \\r\\n\\u0434\\u0430\\u0432\\u044f\\u0442. \\u0426\\u0435\\u043b\\u0442\\u0430 \\u043d\\u0430 \\u0442\\u0435\\u0437\\u0438 \\u043c\\u0435\\u0442\\u043e\\u0434\\u0438 \\u0435 \\u0434\\u0430 \\u0441\\u0435 \\u0437\\u0430\\u043f\\u0430\\u0437\\u0438 \\u043a\\u043e\\u0436\\u0430\\u0442\\u0430. \\u041d\\u0435\\u0432\\u0438\\u043d\\u0430\\u0433\\u0438 \\u0436\\u0438\\u0432\\u043e\\u0442\\u043d\\u0438\\u0442\\u0435 \\r\\n\\u0443\\u043c\\u0438\\u0440\\u0430\\u0442 \\u0432\\u0435\\u0434\\u043d\\u0430\\u0433\\u0430. \\u041a\\u0440\\u0430\\u044f\\u0442 \\u0438\\u043c \\u0441\\u0435 \\u043f\\u0440\\u0435\\u0432\\u0440\\u044a\\u0449\\u0430 \\u0432 \\u043f\\u0440\\u043e\\u0434\\u044a\\u043b\\u0436\\u0438\\u0442\\u0435\\u043b\\u043d\\u043e \\u0438\\u0437\\u0442\\u0435\\u0437\\u0430\\u043d\\u0438\\u0435, \\u0434\\u043e\\u043a\\u0430\\u0442\\u043e \\r\\n\\u0431\\u0438\\u0432\\u0430\\u0442 \\u043e\\u0434\\u0438\\u0440\\u0430\\u043d\\u0438 \\u0436\\u0438\\u0432\\u0438.&nbsp;<\\/p>"}'),
(52, 2, 1, 50, 0, 'Painful death', 'image', '', '', NULL, NULL, '{"image_name":"Painful-death.jpg","is_poppable":1,"caption":"\\u0411\\u043e\\u043b\\u0435\\u0437\\u043d\\u0435\\u043d\\u0430 \\u0441\\u043c\\u044a\\u0440\\u0442"}'),
(53, 2, 1, NULL, 9, '75% от българите не смятат за об', 'text', '', 'text-center', '', NULL, '{"content":"<p>\\u0421\\u043f\\u043e\\u0440\\u0435\\u0434 \\u043f\\u0440\\u043e\\u0443\\u0447\\u0432\\u0430\\u043d\\u0435 \\u043d\\u0430 \\u041c\\u0411\\u041c\\u0414 \\u043e\\u0442 \\r\\n\\u0441\\u0435\\u043f\\u0442\\u0435\\u043c\\u0432\\u0440\\u0438 2018 \\u0433., 75% \\u043e\\u0442 \\u0431\\u044a\\u043b\\u0433\\u0430\\u0440\\u0438\\u0442\\u0435 \\u043d\\u0435 \\u0441\\u043c\\u044f\\u0442\\u0430\\u0442 \\u0437\\u0430 \\u043e\\u0431\\u043e\\u0441\\u043d\\u043e\\u0432\\u0430\\u043d\\u043e \\u043e\\u0442\\u0433\\u043b\\u0435\\u0436\\u0434\\u0430\\u043d\\u0435\\u0442\\u043e\\r\\n \\u0438 \\u0443\\u0431\\u0438\\u0432\\u0430\\u043d\\u0435\\u0442\\u043e \\u043d\\u0430 \\u0436\\u0438\\u0432\\u043e\\u0442\\u043d\\u0438 \\u0441\\u0430\\u043c\\u043e \\u0437\\u0430 \\u0442\\u0435\\u0445\\u043d\\u0438\\u0442\\u0435 \\u043a\\u043e\\u0436\\u0438."}'),
(54, 2, 1, NULL, 10, 'Подпишете петицията', 'text', '', 'text-center', '', NULL, '{"content":"<h3 class=\\"text-decorated\\">\\u041f\\u043e\\u0434\\u043f\\u0438\\u0448\\u0435\\u0442\\u0435 \\u043f\\u0435\\u0442\\u0438\\u0446\\u0438\\u044f\\u0442\\u0430, \\u0437\\u0430 \\u0434\\u0430 \\u0447\\u0443\\u044f\\u0442 \\u0442\\u044a\\u0440\\u0433\\u043e\\u0432\\u0446\\u0438\\u0442\\u0435 \\u0438 \\u043c\\u043e\\u0434\\u043d\\u0438\\u0442\\u0435 \\u0434\\u0438\\u0437\\u0430\\u0439\\u043d\\u0435\\u0440\\u0438, \\u0447\\u0435 \\u0442\\u0430\\u0437\\u0438 \\u0436\\u0435\\u0441\\u0442\\u043e\\u043a\\u043e\\u0441\\u0442 \\u043d\\u0435 \\u0435 \\u043f\\u0440\\u0438\\u0435\\u043c\\u043b\\u0438\\u0432\\u0430<\\/h3>"}'),
(55, 2, 1, NULL, 11, 'Как можете да помогнете?', 'stack', 'section-steps', 'bg-green-overlay-dense', 'bg-help.jpg', NULL, '{"container_tag_additional_classes":"","orientation":"vertical","count_cells":"2","stack":["{\\"id\\":56}","{\\"id\\":57}"]}'),
(56, 2, 1, 55, 0, 'Как можете да помогнете?', 'text', '', 'text-center', '', NULL, '{"content":"<div class=\\"bullet-icon\\"><img src=\\"data:image\\/png;base64,iVBORw0KGgoAAAANSUhEUgAAACUAAAAlCAYAAADFniADAAAD20lEQVRYhb2YzU8TQRTA+RP6J\\/AnTN8QgwkLjWu3Nia0NYquVUpI0Qgk7cHVitHdQNIgXUIDiXAwAQ9cMCEeOBgP0nDCdMmSbjh5wJuJl+LJ43jZJbPT2a+22OSlze6beb++r\\/kYGOjygxCKxePxsXg8PoYxLgGAijEuOc8QQrFu544KMogxLmGMDzHGJIQcYoxLCKHBq4CJAcB2SBCuAMB237wHACoAtD0MnQJAAwDqAKDZ3w0AOPXQbwOA2nfv2Eangv61PX4KABp98RpCKIYxNlmvIIQSK2cmqrWaa7plHNaspqlbBtEtg9i\\/D2ut5trKmYmY+RIc75mhwXhA165f31y1TlS9ZbQdiEBpGe1V60RdOzcvDQNAvSswNmR3nj1d11vGeWiYTrhzvWVkqfmn2FAGAWn0gMfam69+BhcO9snM6jtSWFJJYUklyqddT91V60Sl7LBgmmfY6CrLPJk584NJ52Vu6Q8LI0R+9cLLa9sUWJ2CanPDiDHecZSE5M3ffkDDwkhgXxJzWVI9PuoYX7OaGgVGJ\\/8O66VBekJlzzsM6YduD4nZDCksqkSuKESQkq53d0vzXh7L2nYTtL6r8wNA2XkhTdz76wWk7O26jJY\\/fujQkSuKS0f79oWb\\/JTtyz4GAOUB3ou5zQ1PLxUW1Utj48VpTz0xmwn0uhNGOukBoHGZ4PQ\\/q37vzANHqsdHZLw4TcRshpsvPPiivuzZx3j2EUIxV1zF7Hh3vYiRu6X5YCjLIE7npxMeIZRwQd16+KBnILY6\\/YpGt4w6mz4IoYSrYU4uvu0JaPb9ugtIzGZ89WtWs8HpWeW+QBX1ZTKakjp61cLBfhCUya4kAKD1DFXUlztgBCkZCOQI11O95hQNJUhJUlhUfSvTA8qdU67qy\\/nnAE+qx0ekqC+T2ffr3YT+1F7iTBYqdJ\\/qt9SsZoPbp6J09CuQOrejs2tfOi\\/\\/N6iVMxNh6rjmWvui7BJYUfZ2yWhKIqMpKdK4Wsu48N0lsPupKAlPb1dGU1KUfNKw+yzg3k85C+PQ0NAfR0l++TzU5HQHF6RkWKifzCHiwvMAwe7RwyS9srdLBClJBCkZOnx3nj1dp+147tF5YbyKasy\\/rnxmVoDOsPHCyB4c5YrSF6Dbk49+MB46jXQgZcHEXCZSdbEhHhFv\\/OoaiAZjQ+n0sbmtjcDOX\\/1+ROa2Nkjq\\/sRfdg6M8U5PNzB28l9wJiZiLkPSeZnIFYVMLWlErigknZeJmMt06DpVFpjUvXotovTmHR+4QQAo8653eGJfG5Wv5CbPAzCGEErY1zxl+9Ks7DzrxSv\\/AA5zniSpekm+AAAAAElFTkSuQmCC\\"><\\/div>\\r\\n<h3 class=\\"underlined-title\\">\\u041a\\u0430\\u043a \\u043c\\u043e\\u0436\\u0435\\u0442\\u0435 \\u0434\\u0430 \\u043f\\u043e\\u043c\\u043e\\u0433\\u043d\\u0435\\u0442\\u0435?<\\/h3>"}'),
(57, 2, 1, 55, 0, 'Help steps', 'stack', '', 'col-10 mx-auto', '', NULL, '{"container_tag_additional_classes":"","orientation":"horizontal","count_cells":"3","stack":["{\\"id\\":58}","{\\"id\\":59}","{\\"id\\":60}"]}'),
(58, 2, 1, 57, 0, 'Подпишете петицията', 'text', '', '', '', NULL, '{"content":"<a href=\\"#sign\\">\\r\\n\\t<div class=\\"bullet-icon\\"><img src=\\"data:image\\/png;base64,iVBORw0KGgoAAAANSUhEUgAAADQAAABACAYAAABVy1Q8AAACEElEQVRoge3boW7jQBAGYLMDR3Ko9xijmRcod0Chl1X3AlfJLOTCwu4l7gFaVuhIhUnx0UplR2oFt\\/pLNidrYyd2djeetPtLQ935vBNnIrlZ5oSIiJl\\/iUjFzC8igljFzGDmNxFZuH0EiYj8jI1oYhzYdWjM7SkgB5BhUMx8MzYmGMp+ZtwxuyOiSyKaBLljLYmGYua5iwnXdneinRQzL5sXMsZcAfiNuHmKNn7uuAH4FxkDAK3NB0G5FzhV3L9rb64\\/ShMoCEoLCMD3IChFoL8ALrxRikBb1DcvlDIQADx6oRSC\\/FBKQcejFIO2qK+DUMpBAPCAISgtIN+yPxgXHwZkUa+jgfI8j3JKg0FVVcEY03nR6XSKqqp6XacoitAjNxzU584aY\\/ockk\\/uAXxpewZEARVFERuErqf0USO3b1TyPO81cmpAWpJA2pNA2pNA2hP0e2jf6hOqDq1QwUAxlsqu2rdCnSVo3wp1stUnVB1aodJDQXsSSHsSSHsSSHvSLteVtMt5VNrljgFpSQJpTwJpTwJpz6cC1ecKIqKJA6p3XtFcrVZj99onzxZ02eydmZc7L9GWZTl2s33yx45b5YDmGRGRO3ZlWWK9XmOz2YzdeGtms9kPFyMiNRFRlmW6XkQ\\/tpj5JmtGRO7Gbsqj2t81tydVj9jY0Kp3TsaN\\/deBuX36acTVzLxk5vn\\/z0wj76SxLdkLFarnAAAAAElFTkSuQmCC\\"><\\/div>\\r\\n\\t<div class=\\"step-label\\">\\u0421\\u0442\\u044a\\u043f\\u043a\\u0430 1<\\/div>\\r\\n\\t<h5>\\u041f\\u043e\\u0434\\u043f\\u0438\\u0448\\u0435\\u0442\\u0435 \\u043f\\u0435\\u0442\\u0438\\u0446\\u0438\\u044f\\u0442\\u0430<\\/h5>\\r\\n\\t<p>\\u0417\\u0430\\u0441\\u0442\\u0430\\u043d\\u0435\\u0442\\u0435 \\u043d\\u0430 \\u0441\\u0442\\u0440\\u0430\\u043d\\u0430\\u0442\\u0430 \\u043d\\u0430 \\u0436\\u0438\\u0432\\u043e\\u0442\\u043d\\u0438\\u0442\\u0435<\\/p>\\r\\n<\\/a>"}'),
(59, 2, 1, 57, 0, 'Споделете тази страница', 'text', '', '', '', NULL, '{"content":"<a href=\\"#share\\">\\r\\n<div class=\\"bullet-icon\\"><img src=\\"data:image\\/png;base64,iVBORw0KGgoAAAANSUhEUgAAAEYAAAA6CAYAAAANzi8+AAAGnUlEQVRoge2b\\/U9bZRTH75+wX0z8kf+gzz0Pb93YJDEB8SWpM7wszmTT1jnNCLpFf9gyp5li3My6\\/SSDZNXcZWqmvR0aKSBlplfkRSiwFqToFkKZydIXGOsGBY4\\/rHTtvbftvbcvlyU9yTchTTjPPZ+ec57n3nvKMAUwQkgbAIwDQBgAYpRSpJQiAMTin42zLNuag\\/8yALgAAB8TQsryeOmFMZZlu5JBZFMc1GW16wDAoMjPFUJIbQFCys0MBkMzAESVApEBFDUYDDVK18vgy0UI2VXIWBVbvGy2tEJJgrNlMBialaxJKbVl8HObEEIKHXdGI4S0pbvAuro6tFgsyHEcBgIBDAQCyHEcWiwWrKurSwtIKRwAOCQuqSQ4Yd3gxMtHkikvNtSjR+hFDPmfaGUR8cE9xPVV3Laenh40Go3pMqfGK9iJz+244HPzLq+bD\\/sEB3rdfNjn5l0+t+OCV7AThmEYQgihlPJp4JQVHQwAPBRfzNfWz1OByClyGzEWTQBqaWmRwKmqrNzwCQ7MLt4+M2QvY5i05WUrKhSWZbs0QUnW6n8Z4Xzw3lsKwMSz6I9uU\\/zLkpR2UXcrANhIXrylcb86KNu6v5SAIy6rivJyRWASegJH3HdcRYEi13BnR0Q9JTQXl\\/jv9JnT09MjyZquS2cVg\\/G6+fDMkL2MEFIrkzWFb8Qsy06kpPyxI9qyJVnxniPerUyvNKjLGoG3M4y03wDAmYKDAYBITr0lXUNGRIvFkgKmZs9ulWAc6BXsBAAOFb0JG43Vm8mLjg7wuYMJ+RHXV5HjuBQw1VVVqsH4BIdVXE4AMFhwMOL6XVnw5AfMg3sYCAQkfUYDmEG569QBzIRGGKKGvLKYFzBeNx\\/WBcxLDfUpC44O2PMDJvyPTClVaskY1KWULIcP5nawy6B8NF+fwEd0ab7nzp5MPaFq3q6lGZP7dv24x+iyXf963Taf\\/YCnHoznj96cDnjbutpx7qouBzwMzlvFfeZAk8ZbgiSJfZarvSWIq2bP7rGi9xeGYRgMz5tuXOuUfLu59BpxeVKq\\/CYyWV988uG4TLbUFgUMwzAMhvx3Whr3S4I5\\/9mpvEDRshsdO3JoXeyHUsoXDQrDMAyG\\/bWzI7343L69kqAONO1X1HNmR3rxQJMULqUUf\\/rmkmIgN2\\/Y8O3Dr8v5iejyoAqDc7bRAV42MEopHm89gh3Wdhxz8biy4MGVBQ+OuRzYYW3H463vpP2\\/y9ZPHygBcv2KFQ+2yIONQ9HvuS+G\\/PzoAC+bOVpECGmbGbKXeQUHnwlK29E3M\\/nRF0oCTnDONjvSi3I9R6kA4KH49YlXsBOf4LD6BMegT+Aj24e3+DklnR\\/Pjnl9wjCPew6G\\/HduXOuUbLtZgGywLNuldj2Zp3T8jnzhtm0YnjdhcN461Hfd237mow3L4YPY9JopEcC+vTVrABBhWXZC6WsSOSOElFFKbQBgfSpe0ZasZCUrWclKVrKS7TRjWbYVAMYppWFKqeJRsjwoRindeTN7lNLOIoNQAqpTbRx5m9kzGAzNlFLNM3VFkNqZvUgaP8pn9vI1U1doqZnZAwBrBl8TWR9TZJupM5vNyHEcLi09mWsplC0tLSHHcWg2m\\/Mys0cpNWma2Us3U2c0GtHpdBYcRDZzOp0ZZ\\/aUwIl\\/+epm9uR6itlsRkTEtdgWLgYf4a2FVRz2L+NNbxj7p0IF001vGIf9y3hrYRUXg49wLbaVACQ7s1dtTO9vMnSvfyo01jcZ+rZvKmhxeVefjcebfWaPUiqZqTObzbi+sYVzS1EcmC4cBCUamA6h\\/24UYxtbaeEcff+UMn+TwWj\\/dOhL10R4FwCcEftJKSkq2pKNRiOuxTZx2L+sKxCxRvzLuBbbRESZmb2KCnX+JoPDv\\/vvP5N2Zk+u4f7S04fCbER3EHISZiP4cG0TnU6nJGu+6vxRla++qZD\\/1eY3GmWzJn6iTXxYX\\/\\/CjssUucyJbWxJdquXTY3q\\/U0GhysqK7tFjbiNAYBw8oetJ07qHrgS+e9G0Ww2p4DZU7NPk693j5\\/uF4GxSvpLxw8u3YNWKu7qd8p3pwzq+H5AvHUPSkayuv9c0D1gpZr4WzqapsVP99CC5EwjAaN3sGr0178reQHTPxWS+HmqwbhnIiUwcvptWhpQCUyagEpgSmB0ApP8c2BNJ0edVV5ekfM5pn8qhM\\/XNSRv1x6GUtpOKY0CQOyi7WfdA1WrE6fPY1W1EcvLK\\/DE6fOa\\/Vy0dSMAeADgDqXU9D9tD704sPnLzwAAAABJRU5ErkJggg==\\"><\\/div>\\r\\n<div class=\\"step-label\\">\\u0421\\u0442\\u044a\\u043f\\u043a\\u0430 2<\\/div>\\r\\n<h5>\\u0421\\u043f\\u043e\\u0434\\u0435\\u043b\\u0435\\u0442\\u0435 \\u0442\\u0430\\u0437\\u0438 \\u0441\\u0442\\u0440\\u0430\\u043d\\u0438\\u0446\\u0430<\\/h5>\\r\\n<p>\\u0414\\u0430\\u0439\\u0442\\u0435 \\u0432\\u044a\\u0437\\u043c\\u043e\\u0436\\u043d\\u043e\\u0441\\u0442 \\u043d\\u0430 \\u043f\\u0440\\u0438\\u044f\\u0442\\u0435\\u043b\\u0438\\u0442\\u0435 \\u0441\\u0438 \\u0434\\u0430 \\u0440\\u0430\\u0437\\u0431\\u0435\\u0440\\u0430\\u0442 \\u0437\\u0430 \\u043f\\u0440\\u043e\\u0431\\u043b\\u0435\\u043c\\u0430<\\/p>\\r\\n<\\/a>"}'),
(60, 2, 1, 57, 0, 'Напревете дарение', 'text', '', '', '', NULL, '{"content":"<a href=\\"https:\\/\\/caai.bg\\/podkrepete-ni\\" target=_blank>\\r\\n<div class=\\"bullet-icon\\"><img src=\\"data:image\\/png;base64,iVBORw0KGgoAAAANSUhEUgAAAEMAAAA7CAYAAAAguzffAAAEVUlEQVRogeWaPWgUQRTHt013WFuksZXHe7vZXLIXTwwYgpCLFhYqHmgKFU6tBAtzCBZXmEhyyYoIObEQLMwpWikkaGNnrCwTmHQWRmzsYuFMmOzO3N1e9vP2D6\\/Z3Zv35vfevpndW8PoQwAwg4iLRLRBRBuI+IuI9rmJY4sAMNPP+BqfBSK6iohr3Mc34RMRt4VfIroNABCWX10ww0S07pl4V+PXrwPAcD9+iagiTzyA321EnAeAQqgQeDYCBaMJcK1XKABQ5pk+qs9fiDh\\/ZBCIWA1aCT0GV+3idzFMn9y+9X37IOJ8hwntEFGLiCoAUBalCAAFntEKEbX4dboxfNnifWG9w2+2ELHOfYL0u2EAKCNilYjaRLSnSwQAlIOCUN4WiLgTdDAepBIKIq55QOh6Qztoz0HEegco1SCDqAa4EyQYxbh3OvQRJYh+4Mvi47Y0FdL5luFl5g14T\\/4hKz4\\/xhy3zEorc8xxa8xxG6zkLjPHbTDHrfHjZVZ8fkwRHKiypepLiLgFAIVde+k4c9wy91VjJXfZ769ps+LCUJBEcCDqlYavGt6gDkCw0upJ5rj1g2B6McetMfvpCYWfrS7NrsWcph2Gvy6J3lDCUJUTAADPTC1QUIogd+2l4xKQgg7IpFl6GxiCCoqiUjQtoOKrClWP4NlpHCmwQ2XdtDsBOWee\\/hiKL+5PToCU9LZnntvdLthhY+6F0AKTbXzlvArIrDX5ORJ\\/UgI6JL4ql8+hXnHPungjksAOgLiXhG9WXBj66jy6HaU\\/b4UoWkJbnKjIJ0bQ2o0UhASEFReGmLN6L3JfjtuQVze+qh1aWURVPJFPXLKmt2KBIYKMy1dp9bKnmXo3ghUDETflgyujtz7EF2DMJi273lsFEes+GC9G775JPOjobE63zCJi3fB21hQEHK3x\\/YdiE9bKHwy+1PKna7kyNvMHY7w5ra2MnPWMZcb7hrJn5Go1KbnLzHFrqi2FgHHoYNU69yPxgOOBse3bZ3h3oKdo7HfiAUdrc94dKBHtyXv1vdz0jfHmtPbZRPXUOsjVsVK8OdXxqVX1WPvAvvIl6cCjsBHTeud9XWF4pSid\\/fbo\\/VdJBx+mXbdm3nnnSN43XaI6Rsj8I19YROvv5vjDF0lPIgxrjF77pLg9Nn0gpIcX30vTKXPi53fn8bOkJxM2CPr\\/sntYC8MwDGOKTi0NEhANiP2e\\/2o8a068HwQgOhA9\\/6MmNGOe2cgykNBACM1ak5+zCCR0EFmtkMhACGWlh0QOIitAYgORdiCxg0grkMRApA1I4iDSAiQ1IJIGkjoQQpNm6W2cQFILQmiCiq\\/jAJJ6EEJRA8kMCKGogGQOhFDYQDILQigsIJkHIXRUIAMDQqhfIAMHQmgM7VdBgAwsCCHbtF72AmTgQQh1A5IbEEI6IA\\/sK753rQMNQkgFJJcghLoByQ0IIR2Q3IEQIv9XutWkY0pUiFjnH9n5Pw2IWf8AkEJGzCvlExQAAAAASUVORK5CYII=\\"><\\/div>\\r\\n<div class=\\"step-label\\">\\u0421\\u0442\\u044a\\u043f\\u043a\\u0430 3<\\/div>\\r\\n<h5>\\u041d\\u0430\\u043f\\u0440\\u0435\\u0432\\u0435\\u0442\\u0435 \\u0434\\u0430\\u0440\\u0435\\u043d\\u0438\\u0435<\\/h5>\\r\\n<p>\\u0417\\u0430 \\u0434\\u0430 \\u043c\\u043e\\u0436\\u0435\\u043c \\u0434\\u0430 \\u043f\\u0440\\u043e\\u0434\\u044a\\u043b\\u0436\\u0438\\u043c \\u0434\\u0430 \\u0441\\u0435 \\u0431\\u043e\\u0440\\u0438\\u043c \\u0437\\u0430 \\u0436\\u0438\\u0432\\u043e\\u0442\\u043d\\u0438\\u0442\\u0435<\\/p>\\r\\n<\\/a>"}'),
(61, 2, 1, NULL, 12, 'Подпишете призива към търговците', 'text', 'section-appeal', '', '', NULL, '{"content":"<div class=\\"card col-md-12 col-lg-9 mx-auto\\">\\r\\n\\t<div class=\\"card-body text-justify\\">\\r\\n<h3 class=\\"text-center\\">\\u041f\\u043e\\u0434\\u043f\\u0438\\u0448\\u0435\\u0442\\u0435 \\u043f\\u0440\\u0438\\u0437\\u0438\\u0432\\u0430 \\u043a\\u044a\\u043c \\u0442\\u044a\\u0440\\u0433\\u043e\\u0432\\u0446\\u0438\\u0442\\u0435!<\\/h3>\\r\\n<p>\\u041f\\u0440\\u0438\\u0437\\u043e\\u0432\\u0430\\u0432\\u0430\\u043c \\u043c\\u0430\\u0433\\u0430\\u0437\\u0438\\u043d\\u0438, \\u043c\\u043e\\u0434\\u043d\\u0438 \\u043a\\u043e\\u043c\\u043f\\u0430\\u043d\\u0438\\u0438, \\u0434\\u0438\\u0437\\u0430\\u0439\\u043d\\u0435\\u0440\\u0438 \\u0438 \\u043c\\u0430\\u0440\\u043a\\u0438 \\u0437\\u0430 \\u0434\\u0440\\u0435\\u0445\\u0438 \\u0434\\u0430 \\r\\n\\u0441\\u043f\\u0440\\u0430\\u0442 \\u0434\\u0430 \\u043a\\u0443\\u043f\\u0443\\u0432\\u0430\\u0442 \\u0438 \\u043f\\u0440\\u043e\\u0434\\u0430\\u0432\\u0430\\u0442 \\u0436\\u0438\\u0432\\u043e\\u0442\\u0438\\u043d\\u0441\\u043a\\u0438 \\u043a\\u043e\\u0436\\u0438 \\u0441 \\u043a\\u043e\\u0441\\u044a\\u043c \\u043e\\u0442 \\u043b\\u0438\\u0441\\u0438\\u0446\\u0438, \\u043d\\u043e\\u0440\\u043a\\u0438, \\r\\n\\u0447\\u0438\\u043d\\u0447\\u0438\\u043b\\u0438 \\u0438 \\u0434\\u0440\\u0443\\u0433\\u0438 \\u0436\\u0438\\u0432\\u043e\\u0442\\u043d\\u0438 \\u0438 \\u0434\\u0430 \\u0441\\u043f\\u0440\\u0430\\u0442 \\u0434\\u0430 \\u043f\\u043e\\u0434\\u043a\\u0440\\u0435\\u043f\\u044f\\u0442 \\u0436\\u0435\\u0441\\u0442\\u043e\\u043a\\u0430\\u0442\\u0430 \\u043a\\u043e\\u0436\\u0443\\u0445\\u0430\\u0440\\u0441\\u043a\\u0430 \\r\\n\\u0438\\u043d\\u0434\\u0443\\u0441\\u0442\\u0440\\u0438\\u044f, \\u043a\\u043e\\u044f\\u0442\\u043e \\u043d\\u044f\\u043c\\u0430 \\u043c\\u044f\\u0441\\u0442\\u043e \\u0432 21-\\u0432\\u0438 \\u0432\\u0435\\u043a. \\u0412\\u044a\\u0432 \\u0444\\u0435\\u0440\\u043c\\u0438\\u0442\\u0435 \\u0437\\u0430 \\u043a\\u043e\\u0436\\u0438 \\u043f\\u043e \\u0441\\u0432\\u0435\\u0442\\u0430 \\r\\n\\u0441\\u0442\\u043e\\u0442\\u0438\\u0446\\u0438 \\u043c\\u0438\\u043b\\u0438\\u043e\\u043d\\u0438 \\u0436\\u0438\\u0432\\u043e\\u0442\\u043d\\u0438 \\u043f\\u0440\\u0435\\u043a\\u0430\\u0440\\u0432\\u0430\\u0442 \\u0446\\u0435\\u043b\\u0438\\u044f \\u0441\\u0438 \\u0436\\u0438\\u0432\\u043e\\u0442 \\u0437\\u0430\\u0442\\u0432\\u043e\\u0440\\u0435\\u043d\\u0438 \\u0432 \\u043c\\u0430\\u043b\\u043a\\u0438 \\r\\n\\u0442\\u0435\\u043b\\u0435\\u043d\\u0438 \\u043a\\u043b\\u0435\\u0442\\u043a\\u0438, \\u0437\\u0430 \\u0434\\u0430 \\u043c\\u043e\\u0436\\u0435 \\u043d\\u044f\\u043a\\u043e\\u043b\\u043a\\u043e \\u043c\\u0435\\u0441\\u0435\\u0446\\u0430 \\u043f\\u043e-\\u043a\\u044a\\u0441\\u043d\\u043e \\u0434\\u0430 \\u0431\\u044a\\u0434\\u0430\\u0442 \\u0443\\u0431\\u0438\\u0442\\u0438 \\u0441 \\u0442\\u043e\\u043a\\u043e\\u0432\\r\\n \\u0443\\u0434\\u0430\\u0440 \\u0438\\u043b\\u0438 \\u0432 \\u0433\\u0430\\u0437\\u043e\\u0432\\u0438 \\u043a\\u0430\\u043c\\u0435\\u0440\\u0438, \\u043f\\u043e\\u0441\\u043b\\u0435 \\u043e\\u0434\\u0440\\u0430\\u043d\\u0438 \\u0438 \\u0442\\u0440\\u0443\\u043f\\u043e\\u0432\\u0435\\u0442\\u0435 \\u0438\\u043c \\u2013 \\u0438\\u0437\\u0445\\u0432\\u044a\\u0440\\u043b\\u0435\\u043d\\u0438. \\r\\n\\u041e\\u0442\\u0433\\u043b\\u0435\\u0436\\u0434\\u0430\\u043d\\u0435\\u0442\\u043e \\u043d\\u0430 \\u0442\\u0435\\u0437\\u0438 \\u0434\\u0438\\u0432\\u0438 \\u0445\\u0438\\u0449\\u043d\\u0438\\u0446\\u0438 \\u0432 \\u043a\\u043b\\u0435\\u0442\\u043a\\u0438 \\u0431\\u0443\\u043a\\u0432\\u0430\\u043b\\u043d\\u043e \\u0433\\u0438 \\u043f\\u043e\\u0434\\u043b\\u0443\\u0434\\u044f\\u0432\\u0430 \\u0438 \\u0432\\u043e\\u0434\\u0438 \\r\\n\\u0434\\u043e \\u0430\\u0433\\u0440\\u0435\\u0441\\u0438\\u044f \\u043c\\u0435\\u0436\\u0434\\u0443 \\u0436\\u0438\\u0432\\u043e\\u0442\\u043d\\u0438\\u0442\\u0435, \\u0441\\u0430\\u043c\\u043e\\u043d\\u0430\\u0440\\u0430\\u043d\\u044f\\u0432\\u0430\\u043d\\u0435 \\u0438 \\u0434\\u043e\\u0440\\u0438 \\u043a\\u0430\\u043d\\u0438\\u0431\\u0430\\u043b\\u0438\\u0437\\u044a\\u043c. \\r\\n\\u041f\\u0440\\u043e\\u0434\\u0443\\u043a\\u0442\\u0438\\u0442\\u0435 \\u043d\\u0430 \\u0442\\u0430\\u0437\\u0438 \\u0438\\u0437\\u043b\\u0438\\u0448\\u043d\\u0430 \\u0436\\u0435\\u0441\\u0442\\u043e\\u043a\\u043e\\u0441\\u0442 \\u043d\\u0435 \\u0441\\u0430 \\u0441\\u044a\\u0432\\u043c\\u0435\\u0441\\u0442\\u0438\\u043c\\u0438 \\u0441 \\u0435\\u0442\\u0438\\u0447\\u043d\\u0430\\u0442\\u0430 \\u043c\\u043e\\u0434\\u0430 \\u043d\\u0430\\r\\n \\u0431\\u044a\\u0434\\u0435\\u0449\\u0435\\u0442\\u043e \\u0438 \\u043d\\u0430\\u0441\\u0442\\u043e\\u044f\\u0449\\u0435\\u0442\\u043e.<\\/p>\\r\\n\\t\\t<collapse display=\\"\\u041f\\u043e\\u043a\\u0430\\u0436\\u0438 \\u0441\\u044a\\u0434\\u044a\\u0440\\u0436\\u0430\\u043d\\u0438\\u0435\\u0442\\u043e \\u043d\\u0430 \\u043f\\u0435\\u0442\\u0438\\u0446\\u0438\\u044f\\u0442\\u0430\\">\\r\\n<p>\\u041f\\u0440\\u0438\\u0437\\u043e\\u0432\\u0430\\u0432\\u0430\\u043c \\u0432\\u0441\\u0438\\u0447\\u043a\\u0438 \\u0412\\u0430\\u0441 \\u0434\\u0430 \\u043f\\u0440\\u0435\\u0434\\u043f\\u0440\\u0438\\u0435\\u043c\\u0435\\u0442\\u0435 \\u0441\\u0442\\u044a\\u043f\\u043a\\u0438 \\u0437\\u0430 <strong>\\u043f\\u0440\\u0435\\u043a\\u0440\\u0430\\u0442\\u044f\\u0432\\u0430\\u043d\\u0435 \\u043d\\u0430 \\u043f\\u0440\\u043e\\u0434\\u0430\\u0436\\u0431\\u0430\\u0442\\u0430 \\u043d\\u0430 \\u0441\\u0442\\u043e\\u043a\\u0438, \\u0441\\u044a\\u0441\\u0442\\u0430\\u0432\\u0435\\u043d\\u0438 \\u043e\\u0442 \\u0438\\u043b\\u0438 \\u0441\\u044a\\u0434\\u044a\\u0440\\u0436\\u0430\\u0449\\u0438 \\u0436\\u0438\\u0432\\u043e\\u0442\\u0438\\u043d\\u0441\\u043a\\u0438 \\u043a\\u043e\\u0436\\u0438 \\u0441 \\u043a\\u043e\\u0441\\u044a\\u043c<\\/strong>,\\r\\n \\u0438 \\u0434\\u0430 \\u043f\\u043e\\u0434\\u043f\\u0438\\u0448\\u0435\\u0442\\u0435 \\u0434\\u0435\\u043a\\u043b\\u0430\\u0440\\u0430\\u0446\\u0438\\u044f\\u0442\\u0430 \\u043a\\u044a\\u043c \\u043f\\u0440\\u043e\\u0433\\u0440\\u0430\\u043c\\u0430\\u0442\\u0430 \\"\\u0422\\u044a\\u0440\\u0433\\u043e\\u0432\\u0435\\u0446 \\u0431\\u0435\\u0437 \\u0446\\u0435\\u043d\\u043d\\u0438 \\u043a\\u043e\\u0436\\u0438\\". \\r\\n\\u0421\\u0432\\u0435\\u0442\\u044a\\u0442 \\u043d\\u0430 \\u043c\\u043e\\u0434\\u0430\\u0442\\u0430 \\u043e\\u0442\\u0434\\u0430\\u0432\\u043d\\u0430 \\u043c\\u0430\\u0441\\u043e\\u0432\\u043e \\u0435 \\u043e\\u0442\\u0445\\u0432\\u044a\\u0440\\u043b\\u0438\\u043b \\u0436\\u0435\\u0441\\u0442\\u043e\\u043a\\u0430\\u0442\\u0430 \\u043c\\u0430\\u0442\\u0435\\u0440\\u0438\\u044f \\u0438 \\u0432\\u0441\\u0435 \\r\\n\\u043f\\u043e\\u0432\\u0435\\u0447\\u0435 \\u043c\\u043e\\u0434\\u043d\\u0438 \\u0433\\u0438\\u0433\\u0430\\u043d\\u0442\\u0438 \\u0432\\u0437\\u0438\\u043c\\u0430\\u0442 \\u0435\\u0442\\u0438\\u0447\\u043d\\u0438\\u044f \\u0438\\u0437\\u0431\\u043e\\u0440 \\u2013 Prada, Gucci, Versace, \\r\\nH&amp;M, Zara, Hugo Boss, Michael Kors, Armani \\u0438 \\u043e\\u0449\\u0435 \\u0441\\u0442\\u043e\\u0442\\u0438\\u0446\\u0438 \\u0434\\u0440\\u0443\\u0433\\u0438. \\r\\n\\u041a\\u043e\\u0436\\u0438\\u0442\\u0435 \\u043e\\u0442 \\u043b\\u0438\\u0441\\u0438\\u0446\\u0438, \\u043d\\u043e\\u0440\\u043a\\u0438 \\u0438 \\u0434\\u0440. \\u0441\\u0430 \\u043e\\u0442\\u0445\\u0432\\u044a\\u0440\\u043b\\u0435\\u043d\\u0438 \\u043e\\u0442 75% \\u043e\\u0442 \\u0431\\u044a\\u043b\\u0433\\u0430\\u0440\\u0438\\u0442\\u0435, \\u043a\\u043e\\u0438\\u0442\\u043e \\r\\n\\u0441\\u043c\\u044f\\u0442\\u0430\\u0442, \\u0447\\u0435 \\u0436\\u0435\\u0441\\u0442\\u043e\\u043a\\u0430\\u0442\\u0430 \\u043a\\u043e\\u0436\\u0443\\u0445\\u0430\\u0440\\u0441\\u043a\\u0430 \\u0438\\u043d\\u0434\\u0443\\u0441\\u0442\\u0440\\u0438\\u044f \\u043d\\u0435 \\u0435 \\u043e\\u0431\\u043e\\u0441\\u043d\\u043e\\u0432\\u0430\\u043d\\u0430. \\u0422\\u0435\\u043d\\u0434\\u0435\\u043d\\u0446\\u0438\\u0438\\u0442\\u0435 \\r\\n\\u043f\\u043e \\u0441\\u0432\\u0435\\u0442\\u0430 \\u0441\\u0430 \\u0435\\u0434\\u043d\\u0438 \\u0438 \\u0441\\u044a\\u0449\\u0438 \\u2013 \\u043a\\u043e\\u0436\\u0443\\u0445\\u0430\\u0440\\u0441\\u043a\\u0430\\u0442\\u0430 \\u0438\\u043d\\u0434\\u0443\\u0441\\u0442\\u0440\\u0438\\u044f \\u043d\\u044f\\u043c\\u0430 \\u0431\\u044a\\u0434\\u0435\\u0449\\u0435.<\\/p>\\r\\n\\t\\t<\\/collapse>\\r\\n<p>\\u0418\\u043c\\u0430\\u0442\\u0435 \\u0432\\u044a\\u0437\\u043c\\u043e\\u0436\\u043d\\u043e\\u0441\\u0442\\u0442\\u0430 \\u0434\\u0430 \\u0441\\u0435 \\u043e\\u0442\\u043a\\u0440\\u043e\\u0438\\u0442\\u0435 \\u043a\\u0430\\u0442\\u043e \\u043c\\u0430\\u0440\\u043a\\u0430, \\u043a\\u043e\\u044f\\u0442\\u043e \\u043d\\u0435 \\u0435 \\u0431\\u0435\\u0437\\u0440\\u0430\\u0437\\u043b\\u0438\\u0447\\u043d\\u0430 \\r\\n\\u043a\\u044a\\u043c \\u0441\\u0442\\u0440\\u0430\\u0434\\u0430\\u043d\\u0438\\u0435\\u0442\\u043e \\u043d\\u0430 \\u0436\\u0438\\u0432\\u043e\\u0442\\u043d\\u0438\\u0442\\u0435 \\u0441\\u0430\\u043c\\u043e \\u0432 \\u0438\\u043c\\u0435\\u0442\\u043e \\u043d\\u0430 \\u043f\\u0435\\u0447\\u0430\\u043b\\u0431\\u0430\\u0442\\u0430. \\u041e\\u0442\\u043a\\u0430\\u0437\\u0432\\u0430\\u043d\\u0435\\u0442\\u043e \\u043e\\u0442 \\r\\n\\u043f\\u0440\\u043e\\u0434\\u0430\\u0432\\u0430\\u043d\\u0435 \\u043d\\u0430 \\u0441\\u0442\\u043e\\u043a\\u0438 \\u0441 \\u0436\\u0438\\u0432\\u043e\\u0442\\u0438\\u043d\\u0441\\u043a\\u0438 \\u043a\\u043e\\u0436\\u0438 \\u0441 \\u043a\\u043e\\u0441\\u044a\\u043c \\u0435 \\u043f\\u0440\\u043e\\u043c\\u044f\\u043d\\u0430, \\u043e\\u0442 \\u043a\\u043e\\u044f\\u0442\\u043e \\u0432\\u0441\\u044f\\u043a\\u0430 \\r\\n\\u043c\\u043e\\u0434\\u043d\\u0430 \\u043a\\u043e\\u043c\\u043f\\u0430\\u043d\\u0438\\u044f \\u043c\\u043e\\u0436\\u0435 \\u0434\\u0430 \\u0441\\u0435 \\u0433\\u043e\\u0440\\u0434\\u0435\\u0435. \\u0412\\u0441\\u044f\\u043a\\u0430 \\u0433\\u043e\\u0434\\u0438\\u043d\\u0430 \\u043e\\u0442\\u043b\\u0430\\u0433\\u0430\\u043d\\u0435 \\u043d\\u0430 \\u0442\\u043e\\u0432\\u0430 \\u0440\\u0435\\u0448\\u0435\\u043d\\u0438\\u0435 \\r\\n\\u043e\\u0437\\u043d\\u0430\\u0447\\u0430\\u0432\\u0430 \\u043e\\u0449\\u0435 \\u0435\\u0434\\u043d\\u0430 \\u0433\\u043e\\u0434\\u0438\\u043d\\u0430 \\u0441\\u0442\\u0440\\u0430\\u0434\\u0430\\u043d\\u0438\\u0435 \\u0438 \\u0441\\u043c\\u044a\\u0440\\u0442 \\u0437\\u0430 \\u043d\\u0435\\u0432\\u0438\\u043d\\u043d\\u0438 \\u0436\\u0438\\u0432\\u043e\\u0442\\u043d\\u0438, \\u0441\\u0430\\u043c\\u043e \\u0438 \\r\\n\\u0435\\u0434\\u0438\\u043d\\u0441\\u0442\\u0432\\u0435\\u043d\\u043e \\u0432 \\u0438\\u043c\\u0435\\u0442\\u043e \\u043d\\u0430 \\u043c\\u043e\\u0434\\u0430\\u0442\\u0430. \\u041d\\u0435\\u043a\\u0430 \\u043d\\u0435 \\u0447\\u0430\\u043a\\u0430\\u043c\\u0435 \\u043f\\u043e\\u0432\\u0435\\u0447\\u0435. \\u041d\\u0435\\u043a\\u0430 \\u043d\\u0430\\u043f\\u0440\\u0430\\u0432\\u0438\\u043c \\r\\n\\u043a\\u043e\\u0436\\u0438\\u0442\\u0435 \\u0438\\u0441\\u0442\\u043e\\u0440\\u0438\\u044f.<\\/p>\\r\\n<p class=\\"text-center\\">\\r\\n\\t<a href=\\"#sign\\" class=\\"btn btn-danger btn-lg\\"><img src=\\"data:image\\/svg+xml;base64,PHN2ZyB3aWR0aD0iMjFweCIgaGVpZ2h0PSIyM3B4IiB2aWV3Qm94PSIwIDAgMjEgMjMiIHZlcnNpb249IjEuMSIgeG1sbnM9Imh0dHA6Ly93d3cudzMub3JnLzIwMDAvc3ZnIiB4bWxuczp4bGluaz0iaHR0cDovL3d3dy53My5vcmcvMTk5OS94bGluayI+CiAgICA8ZGVmcz48L2RlZnM+CiAgICA8ZyBpZD0iSG9tZXBhZ2UiIHN0cm9rZT0ibm9uZSIgc3Ryb2tlLXdpZHRoPSIxIiBmaWxsPSJub25lIiBmaWxsLXJ1bGU9ImV2ZW5vZGQiIHN0cm9rZS1saW5lY2FwPSJyb3VuZCIgc3Ryb2tlLWxpbmVqb2luPSJyb3VuZCI+CiAgICAgICAgPGcgaWQ9IkhlYWRpbmctQ29weSIgdHJhbnNmb3JtPSJ0cmFuc2xhdGUoLTEwOTAuMDAwMDAwLCAtNjEyLjAwMDAwMCkiIHN0cm9rZT0iI0ZGRkZGRiIgc3Ryb2tlLXdpZHRoPSIyIj4KICAgICAgICAgICAgPGcgaWQ9IkZvcm11bGFyeiIgdHJhbnNmb3JtPSJ0cmFuc2xhdGUoODkyLjAwMDAwMCwgNDMuMDAwMDAwKSI+CiAgICAgICAgICAgICAgICA8ZyBpZD0iQnRuLWJsb2NrLWJ0bi1sZyIgdHJhbnNmb3JtPSJ0cmFuc2xhdGUoMzcuMDAwMDAwLCA1NTQuMzEyOTI1KSI+CiAgICAgICAgICAgICAgICAgICAgPGcgaWQ9ImVkaXQtMyIgdHJhbnNmb3JtPSJ0cmFuc2xhdGUoMTYyLjM0NDE2OCwgMTUuOTQ1NTc4KSI+CiAgICAgICAgICAgICAgICAgICAgICAgIDxwb2x5Z29uIGlkPSJTaGFwZSIgcG9pbnRzPSIxMS4yMzEzNTc2IDAgMTUuMzE1NDg3NiAzLjk4NjM5NDU2IDQuMDg0MTMwMDIgMTQuOTQ4OTc5NiAwIDE0Ljk0ODk3OTYgMCAxMC45NjI1ODUiPjwvcG9seWdvbj4KICAgICAgICAgICAgICAgICAgICAgICAgPHBhdGggZD0iTTAsMTkuOTMxOTcyOCBMMTguMzc4NTg1MSwxOS45MzE5NzI4IiBpZD0iU2hhcGUiPjwvcGF0aD4KICAgICAgICAgICAgICAgICAgICA8L2c+CiAgICAgICAgICAgICAgICA8L2c+CiAgICAgICAgICAgIDwvZz4KICAgICAgICA8L2c+CiAgICA8L2c+Cjwvc3ZnPgo=\\"> \\u041f\\u043e\\u0434\\u043f\\u0438\\u0441\\u0432\\u0430\\u043c<\\/a><\\/p>\\r\\n\\t<\\/div>\\r\\n<\\/div>"}'),
(62, 2, 3, NULL, 13, 'Share', 'stack', 'share', 'text-center', 'bg-share.jpg', NULL, '{"container_tag_additional_classes":"","orientation":"vertical","count_cells":"2","stack":["{\\"id\\":63}","{\\"id\\":65}"]}'),
(63, 2, 1, 62, 0, 'Споделете петицията', 'text', '', '', '', NULL, '{"content":"<div class=\\"bullet-icon\\"><img src=\\"data:image\\/png;base64,iVBORw0KGgoAAAANSUhEUgAAACAAAAAiCAYAAAA+stv\\/AAAB+ElEQVRYhc2WvUoDQRSF5xF8g9gOKebOuY1iCjX+oWidJhaxV6t0AZuwb2Crhb15AvEBxFjbqI1iZYIQQYSx2YTJZDa70dnVC9Msy5679+ebI0SOoZSqEFEbwBURtZVSlTz1RiGlLAG4ZWbjHgC3UspS3uIDn7iVxCC3JLTWXVtspbpuavWG2drZG0tCa90NLq6Uqtgih82WuXl6H53Ti85YEsFngpkj+89t8eFZqa7bSURBE9BaXw8\\/Xqs3vAnU6g27DddBE2DmCIABYLZ29oqtABEtA3geTTqzOb3o5D8DRDTPzJfedWM2q2sbprZ\\/YDa3d7NtwSz0AnAC4M0R7gP4TOHAxwQHZqFXXO4Hz7vnRDQnpSy5PLD\\/PEk8lV7lcnnJV24Ad0S07KsmM0fxdkSJ1Uyilz2x8XR\\/OeI9AMdTRiQ9XHq5k3vYbBkAvqqcE9Hcr8SFGKdX0u4uLC7alXj1lfvHkZVeQ8DkQq8s\\/LbaEJbfWW4wewYA3AdtgRCTW+DSyzeEAM6CDKEQIw58pHDgk5n7zrM3Zj4KlkQavWLudzzvdJNANLMpzUKvGMWPSW0pzJQCOGHmniOQ5TIKZ0qntKVYUxq35WUa1gsxpX9myYT4J6Y07WLLtQI21gszpW7YMPuRKf1tZMT6pCkNncRMpjSvyIL1b6VxTI0gmLUIAAAAAElFTkSuQmCC\\"><\\/div>\\r\\n<h4>\\u0421\\u043f\\u043e\\u0434\\u0435\\u043b\\u0435\\u0442\\u0435 \\u043f\\u0435\\u0442\\u0438\\u0446\\u0438\\u044f\\u0442\\u0430<\\/h4>\\r\\n<p class=\\"lead\\">\\u041d\\u0430\\u0441\\u044a\\u0440\\u0447\\u0435\\u0442\\u0435 \\u0412\\u0430\\u0448\\u0438 \\u043f\\u0440\\u0438\\u044f\\u0442\\u0435\\u043b\\u0438 \\u0438 \\u0431\\u043b\\u0438\\u0437\\u043a\\u0438 \\u0434\\u0430 \\u0437\\u0430\\u0441\\u0442\\u0430\\u043d\\u0430\\u0442 \\u0432 \\u0437\\u0430\\u0449\\u0438\\u0442\\u0430 \\u043d\\u0430 \\u0436\\u0438\\u0432\\u043e\\u0442\\u043d\\u0438\\u0442\\u0435, \\u043e\\u0442\\u0433\\u043b\\u0435\\u0436\\u0434\\u0430\\u043d\\u0438 \\u0437\\u0430 \\u043a\\u043e\\u0436\\u0438<\\/p>"}'),
(64, 2, 3, NULL, 15, 'Footer', 'text', 'footer', '', '', NULL, '{"content":"<div class=\\"col-sm-5 mx-auto\\">\\r\\n<a href=\\"https:\\/\\/caai.bg\\" target=\\"_blank\\"><img src=\\"\\/petitions\\/2\\/images\\/Logo-caai-dark.png\\" width=\\"120\\" align=\\"left\\"><\\/a>\\r\\n\\u0421\\u0434\\u0440\\u0443\\u0436\\u0435\\u043d\\u0438\\u0435 \\"\\u041a\\u0430\\u043c\\u043f\\u0430\\u043d\\u0438\\u0438 \\u0438 \\u0430\\u043a\\u0442\\u0438\\u0432\\u0438\\u0437\\u044a\\u043c \\u0437\\u0430 \\u0436\\u0438\\u0432\\u043e\\u0442\\u043d\\u0438\\u0442\\u0435 \\u0432 \\u0438\\u043d\\u0434\\u0443\\u0441\\u0442\\u0440\\u0438\\u044f\\u0442\\u0430\\" (\\u041a\\u0410\\u0416\\u0418)\\r\\n\\u0443\\u043b. \\"\\u0422\\u0443\\u043d\\u0434\\u0436\\u0430\\" \\u21163, 1606 \\u0421\\u043e\\u0444\\u0438\\u044f, \\u0411\\u044a\\u043b\\u0433\\u0430\\u0440\\u0438\\u044f\\r\\n<\\/div>"}'),
(65, 2, 1, 62, 0, 'Share', 'share', '', '', '', NULL, '{"og_url":"https:\\/\\/furfree.caai.bg","og_type":"website","og_title":"\\u041f\\u0435\\u0442\\u0438\\u0446\\u0438\\u044f \\u0441\\u0440\\u0435\\u0449\\u0443 \\u043f\\u0440\\u043e\\u0434\\u0430\\u0436\\u0431\\u0430\\u0442\\u0430 \\u043d\\u0430 \\u043a\\u043e\\u0436\\u0438 \\u0441 \\u043a\\u043e\\u0441\\u044a\\u043c","og_description":"\\u041f\\u0440\\u0438\\u0437\\u043e\\u0432\\u0435\\u0442\\u0435 \\u0442\\u044a\\u0440\\u0433\\u043e\\u0432\\u0446\\u0438\\u0442\\u0435 \\u0434\\u0430 \\u043d\\u0435 \\u043f\\u043e\\u0434\\u043a\\u0440\\u0435\\u043f\\u044f\\u0442 \\u043a\\u043e\\u0436\\u0443\\u0445\\u0430\\u0440\\u0441\\u043a\\u0430\\u0442\\u0430 \\u0438\\u043d\\u0434\\u0443\\u0441\\u0442\\u0440\\u0438\\u044f! \\u0417\\u0430\\u0435\\u0434\\u043d\\u043e \\u043c\\u043e\\u0436\\u0435\\u043c \\u0434\\u0430 \\u0441\\u043f\\u0430\\u0441\\u0438\\u043c \\u0441\\u0442\\u043e\\u0442\\u0438\\u0446\\u0438 \\u0445\\u0438\\u043b\\u044f\\u0434\\u0438 \\u0436\\u0438\\u0432\\u043e\\u0442\\u043d\\u0438.","og_image":"shareimg.png"}'),
(67, 2, 1, NULL, 1, 'Header', 'stack', '', 'fixed-background', 'bg-fox-in-cage.png', 'bg-fox-in-cage-mobile.png', '{"container_tag_additional_classes":"","orientation":"horizontal","count_cells":"2","stack":["{\\"id\\":68}","{\\"id\\":69}"]}'),
(68, 2, 1, 67, 0, 'Intro', 'text', '', 'intro', '', NULL, '{"content":"<p>\\r\\n<a href=\\"https:\\/\\/caai.bg\\" target=\\"_blank\\"><img src=\\"\\/petitions\\/2\\/images\\/Logo-caai.png\\" class=\\"logo\\"><\\/a>\\r\\n<a href=\\"https:\\/\\/furfreeretailer.com\\" target=\\"_blank\\"><img src=\\"\\/petitions\\/2\\/images\\/Logo-furfree.png\\" class=\\"logo\\"><\\/a><\\/p><p>\\r\\n<\\/p>\\r\\n<h1>\\u041f\\u043e\\u043c\\u043e\\u0433\\u043d\\u0435\\u0442\\u0435 \\u043d\\u0438 \\u0434\\u0430 \\u0443\\u0431\\u0435\\u0434\\u0438\\u043c \\u043c\\u043e\\u0434\\u043d\\u0438\\u0442\\u0435 \\u043a\\u043e\\u043c\\u043f\\u0430\\u043d\\u0438\\u0438 \\u0434\\u0430 \\u0441\\u043f\\u0440\\u0430\\u0442 \\u0434\\u0430 \\u043f\\u043e\\u0434\\u043a\\u0440\\u0435\\u043f\\u044f\\u0442 \\u043a\\u043e\\u0436\\u0443\\u0445\\u0430\\u0440\\u0441\\u043a\\u0430\\u0442\\u0430 \\u0438\\u043d\\u0434\\u0443\\u0441\\u0442\\u0440\\u0438\\u044f.<\\/h1>\\r\\n<h3>\\u0418\\u0437\\u0440\\u0430\\u0437\\u0435\\u0442\\u0435 \\u043f\\u043e\\u0437\\u0438\\u0446\\u0438\\u044f\\u0442\\u0430 \\u0441\\u0438 \\u0438 \\u043f\\u043e\\u0434\\u043f\\u0438\\u0448\\u0435\\u0442\\u0435 \\u043f\\u0435\\u0442\\u0438\\u0446\\u0438\\u044f\\u0442\\u0430<\\/h3>\\r\\n<a href=\\"#video\\" class=\\"btn btn-transparent btn-lg btn-info\\"><img src=\\"data:image\\/svg+xml;base64,PHN2ZyB3aWR0aD0iMjJweCIgaGVpZ2h0PSIyMnB4IiB2aWV3Qm94PSIwIDAgMjIgMjIiIHZlcnNpb249IjEuMSIgeG1sbnM9Imh0dHA6Ly93d3cudzMub3JnLzIwMDAvc3ZnIiB4bWxuczp4bGluaz0iaHR0cDovL3d3dy53My5vcmcvMTk5OS94bGluayI+CiAgICA8ZGVmcz48L2RlZnM+CiAgICA8ZyBpZD0iSG9tZXBhZ2UiIHN0cm9rZT0ibm9uZSIgc3Ryb2tlLXdpZHRoPSIxIiBmaWxsPSJub25lIiBmaWxsLXJ1bGU9ImV2ZW5vZGQiIHN0cm9rZS1saW5lY2FwPSJyb3VuZCIgc3Ryb2tlLWxpbmVqb2luPSJyb3VuZCI+CiAgICAgICAgPGcgaWQ9IkhlYWRpbmctQ29weSIgdHJhbnNmb3JtPSJ0cmFuc2xhdGUoLTI3OS4wMDAwMDAsIC00OTguMDAwMDAwKSIgc3Ryb2tlPSIjRkZGRkZGIiBzdHJva2Utd2lkdGg9IjIiPgogICAgICAgICAgICA8ZyBpZD0iYnRuLXNlY29uZGFyeSIgdHJhbnNmb3JtPSJ0cmFuc2xhdGUoMjI0LjAwMDAwMCwgNDgzLjAwMDAwMCkiPgogICAgICAgICAgICAgICAgPGcgaWQ9InBsYXktY2lyY2xlIiB0cmFuc2Zvcm09InRyYW5zbGF0ZSg1Ni4wMDAwMDAsIDE2LjAwMDAwMCkiPgogICAgICAgICAgICAgICAgICAgIDxjaXJjbGUgaWQ9Ik92YWwiIGN4PSIxMCIgY3k9IjEwIiByPSIxMCI+PC9jaXJjbGU+CiAgICAgICAgICAgICAgICAgICAgPHBvbHlnb24gaWQ9IlNoYXBlIiBwb2ludHM9IjggNiAxNCAxMCA4IDE0Ij48L3BvbHlnb24+CiAgICAgICAgICAgICAgICA8L2c+CiAgICAgICAgICAgIDwvZz4KICAgICAgICA8L2c+CiAgICA8L2c+Cjwvc3ZnPgo=\\"> \\u0412\\u0438\\u0436\\u0442\\u0435 \\u0432\\u0438\\u0434\\u0435\\u043e\\u0442\\u043e<\\/a>"}');
INSERT INTO `section` (`id`, `petition_id`, `mask_pages`, `parent_id`, `order_ind`, `title`, `type`, `tag_id`, `tag_additional_classes`, `background_image`, `background_image_mobile`, `data`) VALUES
(69, 2, 1, 67, 0, 'Subscribe form', 'form', 'sign', '', '', '', '{"head":"<h3>\\u041f\\u0440\\u043e\\u043c\\u044f\\u043d\\u0430\\u0442\\u0430 \\u0437\\u0430\\u0432\\u0438\\u0441\\u0438 \\u043e\\u0442 \\u0412\\u0430\\u0441.<br>\\r\\n\\t\\u041f\\u043e\\u0434\\u043f\\u0438\\u0448\\u0435\\u0442\\u0435 \\u043f\\u0440\\u0438\\u0437\\u0438\\u0432\\u0430 \\u043a\\u044a\\u043c \\u0442\\u044a\\u0440\\u0433\\u043e\\u0432\\u0446\\u0438\\u0442\\u0435!<\\/h3>\\r\\n<p class=\\"subtitle\\">\\u0412\\u0435\\u0447\\u0435 <strong id=\\"current_sig_count\\">{count_signed}<\\/strong> \\u0434\\u0443\\u0448\\u0438 \\u0441\\u0430 \\u043f\\u043e\\u0434\\u043f\\u0438\\u0441\\u0430\\u043b\\u0438 \\u043f\\u0435\\u0442\\u0438\\u0446\\u0438\\u044f\\u0442\\u0430. \\u0422\\u0440\\u044f\\u0431\\u0432\\u0430\\u0442 \\u043e\\u0449\\u0435 <strong id=\\"to_next_goal\\">{count_remaining}<\\/strong> \\u0434\\u043e \\u0441\\u043b\\u0435\\u0434\\u0432\\u0430\\u0449\\u0430\\u0442\\u0430 \\u0446\\u0435\\u043b.<\\/p>","terms":"<p class=\\"terms\\">\\u041f\\u0435\\u0442\\u0438\\u0446\\u0438\\u044f\\u0442\\u0430 \\u0441\\u0435 \\u043f\\u0440\\u043e\\u0432\\u0435\\u0436\\u0434\\u0430 \\u043e\\u0442 \\r\\n\\u0421\\u0434\\u0440\\u0443\\u0436\\u0435\\u043d\\u0438\\u0435 \\"\\u041a\\u0430\\u043c\\u043f\\u0430\\u043d\\u0438\\u0438 \\u0438 \\u0430\\u043a\\u0442\\u0438\\u0432\\u0438\\u0437\\u044a\\u043c \\u0437\\u0430 \\u0436\\u0438\\u0432\\u043e\\u0442\\u043d\\u0438\\u0442\\u0435 \\u0432 \\u0438\\u043d\\u0434\\u0443\\u0441\\u0442\\u0440\\u0438\\u044f\\u0442\\u0430\\" (\\u041a\\u0410\\u0416\\u0418). \\u041d\\u0438\\u0435 \\r\\n\\u0443\\u0432\\u0430\\u0436\\u0430\\u0432\\u0430\\u043c\\u0435 \\u0412\\u0430\\u0448\\u0430\\u0442\\u0430 \\u043f\\u043e\\u0432\\u0435\\u0440\\u0438\\u0442\\u0435\\u043b\\u043d\\u043e\\u0441\\u0442 \\u0438 \\u0433\\u0430\\u0440\\u0430\\u043d\\u0442\\u0438\\u0440\\u0430\\u043c\\u0435, \\u0447\\u0435 \\u043f\\u0440\\u0435\\u0434\\u043e\\u0441\\u0442\\u0430\\u0432\\u0435\\u043d\\u0430\\u0442\\u0430 \\r\\n\\u0438\\u043d\\u0444\\u043e\\u0440\\u043c\\u0430\\u0446\\u0438\\u044f \\u0449\\u0435 \\u0441\\u0435 \\u0438\\u0437\\u043f\\u043e\\u043b\\u0437\\u0432\\u0430 \\u0441\\u0430\\u043c\\u043e \\u0437\\u0430 \\u0446\\u0435\\u043b\\u0438, \\u0441\\u0432\\u044a\\u0440\\u0437\\u0430\\u043d\\u0438 \\u0441 \\u043f\\u0435\\u0442\\u0438\\u0446\\u0438\\u044f\\u0442\\u0430. \\u041f\\u044a\\u043b\\u043d\\u0430\\u0442\\u0430 \\r\\n\\u0438\\u043d\\u0444\\u043e\\u0440\\u043c\\u0430\\u0446\\u0438\\u044f \\u0437\\u0430 \\u0437\\u0430\\u0449\\u0438\\u0442\\u0430 \\u043d\\u0430 \\u043b\\u0438\\u0447\\u043d\\u0438\\u0442\\u0435 \\u0412\\u0438 \\u0434\\u0430\\u043d\\u043d\\u0438 \\u043c\\u043e\\u0436\\u0435 \\u0434\\u0430 \\u0431\\u044a\\u0434\\u0435 \\u043d\\u0430\\u043c\\u0435\\u0440\\u0435\\u043d\\u0430 \\u0432 \\u043d\\u0430\\u0448\\u0430\\u0442\\u0430 <a href=\\"https:\\/\\/caai.bg\\/politika-za-poveritelnost\\/\\">\\u041f\\u043e\\u043b\\u0438\\u0442\\u0438\\u043a\\u0430 \\u0437\\u0430 \\u043f\\u043e\\u0432\\u0435\\u0440\\u0438\\u0442\\u0435\\u043b\\u043d\\u043e\\u0441\\u0442<\\/a>. \\u0421 \\u043f\\u043e\\u0434\\u043f\\u0438\\u0441\\u0432\\u0430\\u043d\\u0435\\u0442\\u043e \\u043d\\u0430 \\u043f\\u0435\\u0442\\u0438\\u0446\\u0438\\u044f\\u0442\\u0430, \\u0412\\u0438\\u0435 \\u0441\\u0435 \\u0441\\u044a\\u0433\\u043b\\u0430\\u0441\\u044f\\u0432\\u0430\\u0442\\u0435 \\u0441 \\u043e\\u0431\\u0440\\u0430\\u0431\\u043e\\u0442\\u043a\\u0430\\u0442\\u0430 \\u043d\\u0430 \\u043b\\u0438\\u0447\\u043d\\u0438\\u0442\\u0435 \\u0412\\u0438 \\u0434\\u0430\\u043d\\u043d\\u0438 \\u0437\\u0430 \\u0446\\u0435\\u043b\\u0438\\u0442\\u0435 \\u043d\\u0430 \\u043f\\u0435\\u0442\\u0438\\u0446\\u0438\\u044f\\u0442\\u0430.<\\/p>","button_class":"btn btn-danger btn-block btn-lg","button_text":"<img src=\\"data:image\\/svg+xml;base64,PHN2ZyB3aWR0aD0iMjFweCIgaGVpZ2h0PSIyM3B4IiB2aWV3Qm94PSIwIDAgMjEgMjMiIHZlcnNpb249IjEuMSIgeG1sbnM9Imh0dHA6Ly93d3cudzMub3JnLzIwMDAvc3ZnIiB4bWxuczp4bGluaz0iaHR0cDovL3d3dy53My5vcmcvMTk5OS94bGluayI+CiAgICA8ZGVmcz48L2RlZnM+CiAgICA8ZyBpZD0iSG9tZXBhZ2UiIHN0cm9rZT0ibm9uZSIgc3Ryb2tlLXdpZHRoPSIxIiBmaWxsPSJub25lIiBmaWxsLXJ1bGU9ImV2ZW5vZGQiIHN0cm9rZS1saW5lY2FwPSJyb3VuZCIgc3Ryb2tlLWxpbmVqb2luPSJyb3VuZCI+CiAgICAgICAgPGcgaWQ9IkhlYWRpbmctQ29weSIgdHJhbnNmb3JtPSJ0cmFuc2xhdGUoLTEwOTAuMDAwMDAwLCAtNjEyLjAwMDAwMCkiIHN0cm9rZT0iI0ZGRkZGRiIgc3Ryb2tlLXdpZHRoPSIyIj4KICAgICAgICAgICAgPGcgaWQ9IkZvcm11bGFyeiIgdHJhbnNmb3JtPSJ0cmFuc2xhdGUoODkyLjAwMDAwMCwgNDMuMDAwMDAwKSI+CiAgICAgICAgICAgICAgICA8ZyBpZD0iQnRuLWJsb2NrLWJ0bi1sZyIgdHJhbnNmb3JtPSJ0cmFuc2xhdGUoMzcuMDAwMDAwLCA1NTQuMzEyOTI1KSI+CiAgICAgICAgICAgICAgICAgICAgPGcgaWQ9ImVkaXQtMyIgdHJhbnNmb3JtPSJ0cmFuc2xhdGUoMTYyLjM0NDE2OCwgMTUuOTQ1NTc4KSI+CiAgICAgICAgICAgICAgICAgICAgICAgIDxwb2x5Z29uIGlkPSJTaGFwZSIgcG9pbnRzPSIxMS4yMzEzNTc2IDAgMTUuMzE1NDg3NiAzLjk4NjM5NDU2IDQuMDg0MTMwMDIgMTQuOTQ4OTc5NiAwIDE0Ljk0ODk3OTYgMCAxMC45NjI1ODUiPjwvcG9seWdvbj4KICAgICAgICAgICAgICAgICAgICAgICAgPHBhdGggZD0iTTAsMTkuOTMxOTcyOCBMMTguMzc4NTg1MSwxOS45MzE5NzI4IiBpZD0iU2hhcGUiPjwvcGF0aD4KICAgICAgICAgICAgICAgICAgICA8L2c+CiAgICAgICAgICAgICAgICA8L2c+CiAgICAgICAgICAgIDwvZz4KICAgICAgICA8L2c+CiAgICA8L2c+Cjwvc3ZnPgo=\\" alt=\\"\\">\\u041f\\u043e\\u0434\\u043f\\u0438\\u0448\\u0438 \\u043f\\u0435\\u0442\\u0438\\u0446\\u0438\\u044f\\u0442\\u0430","show_phone_field":1,"show_country_field":1}'),
(70, 2, 1, 39, 0, 'All they know', 'image', '', '', '', NULL, '{"image_name":"All-they-know.jpg","is_poppable":1,"caption":"\\u0422\\u0435\\u043b\\u0435\\u043d\\u0430\\u0442\\u0430 \\u043a\\u043b\\u0435\\u0442\\u043a\\u0430 \\u0435 \\u0432\\u0441\\u0438\\u0447\\u043a\\u043e, \\u043a\\u043e\\u0435\\u0442\\u043e \\u043f\\u043e\\u0437\\u043d\\u0430\\u0432\\u0430\\u0442"}'),
(71, 2, 2, NULL, 14, 'Благодарим за Вашия глас', 'text', 'thanks', 'text-white text-center bg-green-overlay', 'bg-fox-in-cage-2.jpg', NULL, '{"content":"<h1>\\u0411\\u043b\\u0430\\u0433\\u043e\\u0434\\u0430\\u0440\\u0438\\u043c \\u0437\\u0430 \\u0412\\u0430\\u0448\\u0438\\u044f \\u0433\\u043b\\u0430\\u0441<\\/h1>\\r\\n<p><img src=\\"\\/images\\/heart.svg\\" height=\\"70\\"\\/>\\r\\n<h3 class=\\"underlined-title\\">\\u0417\\u0430\\u0435\\u0434\\u043d\\u043e \\u043c\\u043e\\u0436\\u0435\\u043c \\u0434\\u0430 \\u0441\\u044a\\u0437\\u0434\\u0430\\u0434\\u0435\\u043c \\u043f\\u0440\\u043e\\u043c\\u044f\\u043d\\u0430 \\u0437\\u0430 \\u0436\\u0438\\u0432\\u043e\\u0442\\u043d\\u0438\\u0442\\u0435<\\/h3>"}'),
(76, 6, 1, NULL, 3, 'Video Section', 'stack', 'video', 'video', '', NULL, '{"container_tag_additional_classes":"","orientation":"vertical","count_cells":"2","stack":["{\\"id\\":77}","{\\"id\\":78}"]}'),
(77, 6, 1, 76, 0, 'Video text', 'text', '', 'col-12 col-md-11 col-lg-7 text-center mx-auto', '', NULL, '{"content":"<div class=\\"bullet-icon\\"><img width=\\"37\\" src=\\"data:image\\/svg+xml;base64,PHN2ZyB3aWR0aD0iMjJweCIgaGVpZ2h0PSIyMnB4IiB2aWV3Qm94PSIwIDAgMjIgMjIiIHZlcnNpb249IjEuMSIgeG1sbnM9Imh0dHA6Ly93d3cudzMub3JnLzIwMDAvc3ZnIiB4bWxuczp4bGluaz0iaHR0cDovL3d3dy53My5vcmcvMTk5OS94bGluayI+CiAgICA8ZGVmcz48L2RlZnM+CiAgICA8ZyBpZD0iSG9tZXBhZ2UiIHN0cm9rZT0ibm9uZSIgc3Ryb2tlLXdpZHRoPSIxIiBmaWxsPSJub25lIiBmaWxsLXJ1bGU9ImV2ZW5vZGQiIHN0cm9rZS1saW5lY2FwPSJyb3VuZCIgc3Ryb2tlLWxpbmVqb2luPSJyb3VuZCI+CiAgICAgICAgPGcgaWQ9IkhlYWRpbmctQ29weSIgdHJhbnNmb3JtPSJ0cmFuc2xhdGUoLTI3OS4wMDAwMDAsIC00OTguMDAwMDAwKSIgc3Ryb2tlPSIjRkZGRkZGIiBzdHJva2Utd2lkdGg9IjIiPgogICAgICAgICAgICA8ZyBpZD0iYnRuLXNlY29uZGFyeSIgdHJhbnNmb3JtPSJ0cmFuc2xhdGUoMjI0LjAwMDAwMCwgNDgzLjAwMDAwMCkiPgogICAgICAgICAgICAgICAgPGcgaWQ9InBsYXktY2lyY2xlIiB0cmFuc2Zvcm09InRyYW5zbGF0ZSg1Ni4wMDAwMDAsIDE2LjAwMDAwMCkiPgogICAgICAgICAgICAgICAgICAgIDxjaXJjbGUgaWQ9Ik92YWwiIGN4PSIxMCIgY3k9IjEwIiByPSIxMCI+PC9jaXJjbGU+CiAgICAgICAgICAgICAgICAgICAgPHBvbHlnb24gaWQ9IlNoYXBlIiBwb2ludHM9IjggNiAxNCAxMCA4IDE0Ij48L3BvbHlnb24+CiAgICAgICAgICAgICAgICA8L2c+CiAgICAgICAgICAgIDwvZz4KICAgICAgICA8L2c+CiAgICA8L2c+Cjwvc3ZnPgo=\\"><\\/div>\\r\\n<p class=\\"video-title\\">\\u0417\\u043d\\u0430\\u0435\\u0442\\u0435 \\u043b\\u0438, \\u0447\\u0435...<\\/p>\\r\\n<p class=\\"video-subtitle underlined-title\\">\\u0432\\u0441\\u0435\\u043a\\u0438 \\u0430\\u0440\\u0442\\u0438\\u043a\\u0443\\u043b \\u0441 \\u0436\\u0438\\u0432\\u043e\\u0442\\u0438\\u043d\\u0441\\u043a\\u0430 \\u043a\\u043e\\u0437\\u0438\\u043d\\u0430 \\u043e\\u0437\\u043d\\u0430\\u0447\\u0430\\u0432\\u0430 \\u0443\\u0436\\u0430\\u0441\\u043d\\u043e \\u0441\\u0442\\u0440\\u0430\\u0434\\u0430\\u043d\\u0438\\u0435 \\u0437\\u0430 \\u0436\\u0438\\u0432\\u043e\\u0442\\u043d\\u0438\\u0442\\u0435?<\\/p>\\r\\n<p class=\\"video-text\\">\\u041f\\u043e-\\u0433\\u043e\\u043b\\u044f\\u043c\\u0430\\u0442\\u0430 \\u0447\\u0430\\u0441\\u0442 \\u043e\\u0442 \\u0431\\u044a\\u043b\\u0433\\u0430\\u0440\\u0438\\u0442\\u0435 \\u0441\\u0430 \\u043f\\u0440\\u043e\\u0442\\u0438\\u0432 \\u043a\\u043e\\u0436\\u0443\\u0445\\u0430\\u0440\\u0441\\u043a\\u0430\\u0442\\u0430 \\u0438\\u043d\\u0434\\u0443\\u0441\\u0442\\u0440\\u0438\\u044f, \\u043d\\u043e \\u0432\\u0441\\u0435 \\u043e\\u0449\\u0435 \\u043c\\u0430\\u043b\\u043a\\u043e \\u0431\\u044a\\u043b\\u0433\\u0430\\u0440\\u0441\\u043a\\u0438 \\u043a\\u043e\\u043c\\u043f\\u0430\\u043d\\u0438\\u0438 \\u0441\\u0430 \\u0441\\u0435 \\u043e\\u0442\\u043a\\u0430\\u0437\\u0430\\u043b\\u0438 \\u043e\\u0444\\u0438\\u0446\\u0438\\u0430\\u043b\\u043d\\u043e \\u043e\\u0442 \\u0436\\u0435\\u0441\\u0442\\u043e\\u043a\\u0430\\u0442\\u0430 \\u043c\\u0430\\u0442\\u0435\\u0440\\u0438\\u044f.<\\/p>"}'),
(78, 6, 1, 76, 0, 'Video', 'video', '', '', NULL, NULL, '{"embed_code":"<iframe allowfullscreen=\\"allowfullscreen\\" class=\\"embed-responsive-item\\" src=\\"https:\\/\\/www.youtube.com\\/embed\\/NLO1WuIlmxY\\" frameborder=\\"0\\"><\\/iframe>"}'),
(79, 6, 1, NULL, 2, 'Help stop this', 'text', '', 'text-center', '', NULL, '{"content":"<p>\\r\\n\\t\\u041b\\u0438\\u0441\\u0438\\u0446\\u0438 \\u043a\\u0430\\u0442\\u043e \\u0442\\u0430\\u0437\\u0438 \\u0441\\u0435 \\u0434\\u044a\\u0440\\u0436\\u0430\\u0442 \\u0432 \\u043c\\u0430\\u043b\\u043a\\u0438 \\u0442\\u0435\\u043b\\u0435\\u043d\\u0438 \\u043a\\u043b\\u0435\\u0442\\u043a\\u0438 \\u0438 \\u0441\\u0435 \\u0443\\u0431\\u0438\\u0432\\u0430\\u0442 \\u0441 \\u0442\\u043e\\u043a\\u043e\\u0432 \\u0443\\u0434\\u0430\\u0440, \\u0441\\u0430\\u043c\\u043e \\u0437\\u0430 \\u0434\\u0430 \\u043c\\u043e\\u0433\\u0430\\u0442 \\u0434\\u0430 \\u0441\\u0435 \\u043f\\u0440\\u043e\\u0434\\u0430\\u0432\\u0430\\u0442 \\u043c\\u043e\\u0434\\u043d\\u0438 \\u0430\\u043a\\u0441\\u0435\\u0441\\u043e\\u0430\\u0440\\u0438 \\u0438 \\u043f\\u0430\\u043b\\u0442\\u0430 \\u0441 \\u043a\\u0440\\u0430\\u0441\\u0438\\u0432\\u0430\\u0442\\u0430 \\u0438\\u043c \\u043a\\u043e\\u0437\\u0438\\u043d\\u0430.\\r\\n<\\/p>\\r\\n<h3 class=\\"text-decorated\\">\\u041f\\u043e\\u043c\\u043e\\u0433\\u043d\\u0435\\u0442\\u0435 \\u043d\\u0438 \\u0434\\u0430 \\u0441\\u043f\\u0440\\u0435\\u043c \\u0442\\u043e\\u0432\\u0430!<\\/h3>"}'),
(80, 6, 1, NULL, 4, 'Цял живот в малка клетка', 'stack', '', '', '', NULL, '{"container_tag_additional_classes":"align-items-center","orientation":"horizontal","count_cells":"2","stack":["{\\"id\\":81}","{\\"id\\":82}"]}'),
(81, 6, 1, 80, 0, 'Цял живот в малка клетка', 'text', '', 'text-justify', '', NULL, '{"content":"<h3>\\u0426\\u044f\\u043b \\u0436\\u0438\\u0432\\u043e\\u0442 \\u0432 \\u043c\\u0430\\u043b\\u043a\\u0430 \\u043a\\u043b\\u0435\\u0442\\u043a\\u0430<\\/h3><p>\\u041b\\u0438\\u0441\\u0438\\u0446\\u0438\\u0442\\u0435 \\u0438 \\u0435\\u043d\\u043e\\u0442\\u043e\\u0432\\u0438\\u0434\\u043d\\u0438\\u0442\\u0435 \\u043a\\u0443\\u0447\\u0435\\u0442\\u0430 \\u0440\\u0430\\u0437\\u043f\\u043e\\u043b\\u0430\\u0433\\u0430\\u0442 \\u0441 0,7 m\\u00b2, \\u0430 \\u043d\\u043e\\u0440\\u043a\\u0438\\u0442\\u0435 \\u2013 \\u0441 \\r\\n0,255 m\\u00b2. \\u0417\\u0430 \\u0436\\u0438\\u0432\\u043e\\u0442\\u043d\\u0438, \\u043a\\u043e\\u0438\\u0442\\u043e \\u0432 \\u043f\\u0440\\u0438\\u0440\\u043e\\u0434\\u0430\\u0442\\u0430 \\u043e\\u0431\\u0438\\u043a\\u0430\\u043b\\u044f\\u0442 \\u0442\\u0435\\u0440\\u0438\\u0442\\u043e\\u0440\\u0438\\u0438 \\u043e\\u0442 \\u043f\\u043e \\u043d\\u044f\\u043a\\u043e\\u043b\\u043a\\u043e\\r\\n \\u043a\\u0432\\u0430\\u0434\\u0440\\u0430\\u0442\\u043d\\u0438 \\u043a\\u0438\\u043b\\u043e\\u043c\\u0435\\u0442\\u0440\\u0430, \\u0442\\u043e\\u0432\\u0430 \\u0442\\u044f\\u0441\\u043d\\u043e \\u043f\\u0440\\u043e\\u0441\\u0442\\u0440\\u0430\\u043d\\u0441\\u0442\\u0432\\u043e \\u0435 \\u043d\\u0435\\u043f\\u043e\\u043d\\u043e\\u0441\\u0438\\u043c\\u043e. \\u0422\\u043e \\u0435 \\u043f\\u0440\\u0438\\u0447\\u0438\\u043d\\u0430\\r\\n \\u0437\\u0430 \\u0430\\u0433\\u0440\\u0435\\u0441\\u0438\\u044f \\u0438 \\u043f\\u043e\\u0432\\u0435\\u0434\\u0435\\u043d\\u0447\\u0435\\u0441\\u043a\\u0438 \\u0440\\u0430\\u0437\\u0441\\u0442\\u0440\\u043e\\u0439\\u0441\\u0442\\u0432\\u0430.&nbsp;<\\/p>"}'),
(82, 6, 1, 80, 0, 'Small cage', 'image', '', '', NULL, NULL, '{"image_name":"Small-cage.jpg","is_poppable":1,"caption":"\\u0426\\u044f\\u043b \\u0436\\u0438\\u0432\\u043e\\u0442 \\u0432 \\u043c\\u0430\\u043b\\u043a\\u0430 \\u043a\\u043b\\u0435\\u0442\\u043a\\u0430"}'),
(83, 6, 1, NULL, 5, 'Телената клетка е всичко, което', 'stack', '', 'image-text', '', NULL, '{"container_tag_additional_classes":"align-items-center","orientation":"horizontal","count_cells":"2","stack":["{\\"id\\":84}","{\\"id\\":85}"]}'),
(84, 6, 1, 83, 0, 'All they know', 'image', '', '', '', NULL, '{"image_name":"All-they-know.jpg","is_poppable":1,"caption":"\\u0422\\u0435\\u043b\\u0435\\u043d\\u0430\\u0442\\u0430 \\u043a\\u043b\\u0435\\u0442\\u043a\\u0430 \\u0435 \\u0432\\u0441\\u0438\\u0447\\u043a\\u043e, \\u043a\\u043e\\u0435\\u0442\\u043e \\u043f\\u043e\\u0437\\u043d\\u0430\\u0432\\u0430\\u0442"}'),
(85, 6, 1, 83, 0, 'Телената клетка е всичко, което', 'text', '', 'text-justify', '', NULL, '{"content":"<h3>\\u0422\\u0435\\u043b\\u0435\\u043d\\u0430\\u0442\\u0430 \\u043a\\u043b\\u0435\\u0442\\u043a\\u0430 \\u0435 \\u0432\\u0441\\u0438\\u0447\\u043a\\u043e, \\u043a\\u043e\\u0435\\u0442\\u043e \\u043f\\u043e\\u0437\\u043d\\u0430\\u0432\\u0430\\u0442&nbsp;<\\/h3><p>\\u0416\\u0438\\u0432\\u043e\\u0442\\u043d\\u0438\\u0442\\u0435, \\u043e\\u0442\\u0433\\u043b\\u0435\\u0436\\u0434\\u0430\\u043d\\u0438 \\u043e\\u0441\\u043d\\u043e\\u0432\\u043d\\u043e \\u0437\\u0430 \\u043a\\u043e\\u0436\\u0438, \\u0441\\u0435 \\u0440\\u0430\\u0436\\u0434\\u0430\\u0442 \\u0432 \\u0442\\u0435\\u043b\\u0435\\u043d\\u0438 \\u043a\\u043b\\u0435\\u0442\\u043a\\u0438 \\u0438 \\r\\n\\u0436\\u0438\\u0432\\u0435\\u044f\\u0442 \\u0432 \\u0442\\u044f\\u0445, \\u0434\\u043e\\u043a\\u0430\\u0442\\u043e \\u043d\\u0435 \\u0431\\u044a\\u0434\\u0430\\u0442 \\u0443\\u0431\\u0438\\u0442\\u0438. \\u041e\\u0441\\u043e\\u0431\\u0435\\u043d\\u043e \\u043f\\u0440\\u0438 \\u043c\\u0430\\u043b\\u043a\\u0438\\u0442\\u0435 \\u0431\\u0435\\u0431\\u0435\\u0442\\u0430, \\u0442\\u043e\\u0432\\u0430 \\r\\n\\u0432\\u043e\\u0434\\u0438 \\u0434\\u043e \\u043d\\u0430\\u0440\\u0430\\u043d\\u044f\\u0432\\u0430\\u043d\\u0435 \\u043d\\u0430 \\u043b\\u0430\\u043f\\u0438\\u0442\\u0435, \\u043e\\u0433\\u0440\\u0430\\u043d\\u0438\\u0447\\u0430\\u0432\\u0430\\u043d\\u0435 \\u043d\\u0430 \\u0434\\u0432\\u0438\\u0436\\u0435\\u043d\\u0438\\u0435\\u0442\\u043e, \\u0434\\u0435\\u0444\\u043e\\u0440\\u043c\\u0430\\u0446\\u0438\\u0438, \\u0430 \\r\\n\\u0447\\u0435\\u0441\\u0442\\u043e \\u0434\\u043e\\u0440\\u0438 \\u0441\\u043c\\u044a\\u0440\\u0442.&nbsp;&nbsp;<\\/p>"}'),
(86, 6, 1, NULL, 6, 'Агресия и самонараняване', 'stack', '', '', '', NULL, '{"container_tag_additional_classes":"align-items-center","orientation":"horizontal","count_cells":"2","stack":["{\\"id\\":87}","{\\"id\\":88}"]}'),
(87, 6, 1, 86, 0, 'Агресия и самонараняване', 'text', '', 'text-justify', '', NULL, '{"content":"<h3>\\u0410\\u0433\\u0440\\u0435\\u0441\\u0438\\u044f \\u0438 \\u0441\\u0430\\u043c\\u043e\\u043d\\u0430\\u0440\\u0430\\u043d\\u044f\\u0432\\u0430\\u043d\\u0435<\\/h3><p>\\u0416\\u0438\\u0432\\u043e\\u0442\\u044a\\u0442 \\u0432 \\u043a\\u043b\\u0435\\u0442\\u043a\\u0430 \\u0438 \\u0441\\u0438\\u043b\\u043d\\u0438\\u044f\\u0442 \\u0441\\u0442\\u0440\\u0435\\u0441 \\u0441\\u0430 \\u043f\\u0440\\u0438\\u0447\\u0438\\u043d\\u0438 \\u0437\\u0430 \\u043f\\u043e\\u0432\\u0435\\u0434\\u0435\\u043d\\u0447\\u0435\\u0441\\u043a\\u0438 \\u043f\\u0440\\u043e\\u0431\\u043b\\u0435\\u043c\\u0438 \\r\\n\\u043a\\u0430\\u0442\\u043e \\u0430\\u0433\\u0440\\u0435\\u0441\\u0438\\u044f \\u0441\\u043f\\u0440\\u044f\\u043c\\u043e \\u0434\\u0440\\u0443\\u0433\\u0438\\u0442\\u0435 \\u0436\\u0438\\u0432\\u043e\\u0442\\u043d\\u0438 \\u0438 \\u0441\\u0430\\u043c\\u043e\\u043d\\u0430\\u0440\\u0430\\u043d\\u044f\\u0432\\u0430\\u043d\\u0435. \\u0420\\u0430\\u043d\\u0438\\u0442\\u0435 \\u043e\\u0441\\u0442\\u0430\\u0432\\u0430\\u0442 \\r\\n\\u043d\\u0435\\u043b\\u0435\\u043a\\u0443\\u0432\\u0430\\u043d\\u0438 \\u0438 \\u0447\\u0435\\u0441\\u0442\\u043e \\u0437\\u0430\\u0432\\u044a\\u0440\\u0448\\u0432\\u0430\\u0442 \\u0441 \\u0438\\u043d\\u0444\\u0435\\u043a\\u0446\\u0438\\u0438 \\u0438 \\u0441\\u043c\\u044a\\u0440\\u0442, \\u0437\\u0430\\u0449\\u043e\\u0442\\u043e \\u043b\\u0435\\u0447\\u0435\\u043d\\u0438\\u0435\\u0442\\u043e  \\u043d\\u0435 \\u0435 \\r\\n\\u0440\\u0435\\u043d\\u0442\\u0430\\u0431\\u0438\\u043b\\u043d\\u043e \\u0437\\u0430 \\u043a\\u043e\\u0436\\u0443\\u0445\\u0430\\u0440\\u0441\\u043a\\u0430\\u0442\\u0430 \\u0438\\u043d\\u0434\\u0443\\u0441\\u0442\\u0440\\u0438\\u044f.&nbsp;<\\/p>"}'),
(88, 6, 1, 86, 0, 'Aggression', 'image', '', '', NULL, NULL, '{"image_name":"Self-agression.jpg","is_poppable":1,"caption":"\\u0410\\u0433\\u0440\\u0435\\u0441\\u0438\\u044f \\u0438 \\u0441\\u0430\\u043c\\u043e\\u043d\\u0430\\u0440\\u0430\\u043d\\u044f\\u0432\\u0430\\u043d\\u0435"}'),
(89, 6, 1, NULL, 7, 'Канибализъм', 'stack', '', 'image-text', '', NULL, '{"container_tag_additional_classes":"align-items-center","orientation":"horizontal","count_cells":"2","stack":["{\\"id\\":90}","{\\"id\\":91}"]}'),
(90, 6, 1, 89, 0, 'Cannibalism', 'image', '', '', NULL, NULL, '{"image_name":"Cannibalism.jpg","is_poppable":1,"caption":"\\u041a\\u0430\\u043d\\u0438\\u0431\\u0430\\u043b\\u0438\\u0437\\u044a\\u043c"}'),
(91, 6, 1, 89, 0, 'Канибализъм', 'text', '', 'text-justify', '', NULL, '{"content":"<h3>\\u041a\\u0430\\u043d\\u0438\\u0431\\u0430\\u043b\\u0438\\u0437\\u044a\\u043c<\\/h3><p>\\u0415\\u0434\\u043d\\u0430 \\u043e\\u0442 \\u043d\\u0430\\u0439-\\u0441\\u0442\\u0440\\u0430\\u0448\\u043d\\u0438\\u0442\\u0435 \\u043f\\u043e\\u0441\\u043b\\u0435\\u0434\\u0438\\u0446\\u0438 \\u043e\\u0442 \\u0436\\u0438\\u0432\\u043e\\u0442\\u0430 \\u0432 \\u043a\\u043b\\u0435\\u0442\\u043a\\u0430 \\u0435 \\u043a\\u0430\\u043d\\u0438\\u0431\\u0430\\u043b\\u0438\\u0437\\u043c\\u044a\\u0442. \\u0412 \\r\\n\\u0443\\u0441\\u043b\\u043e\\u0432\\u0438\\u044f\\u0442\\u0430 \\u043d\\u0430 \\u0438\\u043d\\u0434\\u0443\\u0441\\u0442\\u0440\\u0438\\u0430\\u043b\\u043d\\u043e \\u043e\\u0442\\u0433\\u043b\\u0435\\u0436\\u0434\\u0430\\u043d\\u0435 \\u0436\\u0438\\u0432\\u043e\\u0442\\u043d\\u0438\\u0442\\u0435, \\u0436\\u0438\\u0432\\u0435\\u0435\\u0449\\u0438 \\u0432 \\u0435\\u0434\\u043d\\u0430 \\u043a\\u043b\\u0435\\u0442\\u043a\\u0430, \\r\\n\\u0447\\u0435\\u0441\\u0442\\u043e \\u0438\\u0437\\u044f\\u0436\\u0434\\u0430\\u0442 \\u043c\\u0430\\u043b\\u043a\\u0438\\u0442\\u0435 \\u0441\\u0438 \\u0438\\u043b\\u0438 \\u0434\\u0440\\u0443\\u0433\\u0438 \\u0441\\u0435\\u0431\\u0435\\u043f\\u043e\\u0434\\u043e\\u0431\\u043d\\u0438.&nbsp;<\\/p>"}'),
(92, 6, 1, NULL, 8, 'Болезнена смърт', 'stack', '', '', '', NULL, '{"container_tag_additional_classes":"align-items-center","orientation":"horizontal","count_cells":"2","stack":["{\\"id\\":93}","{\\"id\\":94}"]}'),
(93, 6, 1, 92, 0, 'Болезнена смърт', 'text', '', 'text-justify', '', NULL, '{"content":"<h3>\\u0411\\u043e\\u043b\\u0435\\u0437\\u043d\\u0435\\u043d\\u0430 \\u0441\\u043c\\u044a\\u0440\\u0442<\\/h3><p>\\u041b\\u0438\\u0441\\u0438\\u0446\\u0438\\u0442\\u0435 \\u0438 \\u0435\\u043d\\u043e\\u0442\\u043e\\u0432\\u0438\\u0434\\u043d\\u0438\\u0442\\u0435 \\u043a\\u0443\\u0447\\u0435\\u0442\\u0430 \\u0441\\u0435 \\u0443\\u0431\\u0438\\u0432\\u0430\\u0442 \\u0447\\u0440\\u0435\\u0437 \\u0442\\u043e\\u043a\\u043e\\u0432 \\u0443\\u0434\\u0430\\u0440 \\u043f\\u0440\\u0435\\u0437 \\r\\n\\u043c\\u0443\\u0446\\u0443\\u043d\\u0430\\u0442\\u0430 \\u0438 \\u0440\\u0435\\u043a\\u0442\\u0443\\u043c\\u0430, \\u043d\\u043e\\u0440\\u043a\\u0438\\u0442\\u0435 \\u2013 \\u043d\\u0430\\u0442\\u044a\\u043f\\u043a\\u0430\\u043d\\u0438 \\u0432 \\u0433\\u0430\\u0437\\u043e\\u0432\\u0438 \\u043a\\u0430\\u043c\\u0435\\u0440\\u0438, \\u0430 \\u0447\\u0438\\u043d\\u0447\\u0438\\u043b\\u0438\\u0442\\u0435 \\u0433\\u0438 \\r\\n\\u0434\\u0430\\u0432\\u044f\\u0442. \\u0426\\u0435\\u043b\\u0442\\u0430 \\u043d\\u0430 \\u0442\\u0435\\u0437\\u0438 \\u043c\\u0435\\u0442\\u043e\\u0434\\u0438 \\u0435 \\u0434\\u0430 \\u0441\\u0435 \\u0437\\u0430\\u043f\\u0430\\u0437\\u0438 \\u043a\\u043e\\u0436\\u0430\\u0442\\u0430. \\u041d\\u0435\\u0432\\u0438\\u043d\\u0430\\u0433\\u0438 \\u0436\\u0438\\u0432\\u043e\\u0442\\u043d\\u0438\\u0442\\u0435 \\r\\n\\u0443\\u043c\\u0438\\u0440\\u0430\\u0442 \\u0432\\u0435\\u0434\\u043d\\u0430\\u0433\\u0430. \\u041a\\u0440\\u0430\\u044f\\u0442 \\u0438\\u043c \\u0441\\u0435 \\u043f\\u0440\\u0435\\u0432\\u0440\\u044a\\u0449\\u0430 \\u0432 \\u043f\\u0440\\u043e\\u0434\\u044a\\u043b\\u0436\\u0438\\u0442\\u0435\\u043b\\u043d\\u043e \\u0438\\u0437\\u0442\\u0435\\u0437\\u0430\\u043d\\u0438\\u0435, \\u0434\\u043e\\u043a\\u0430\\u0442\\u043e \\r\\n\\u0431\\u0438\\u0432\\u0430\\u0442 \\u043e\\u0434\\u0438\\u0440\\u0430\\u043d\\u0438 \\u0436\\u0438\\u0432\\u0438.&nbsp;<\\/p>"}'),
(94, 6, 1, 92, 0, 'Painful death', 'image', '', '', NULL, NULL, '{"image_name":"Painful-death.jpg","is_poppable":1,"caption":"\\u0411\\u043e\\u043b\\u0435\\u0437\\u043d\\u0435\\u043d\\u0430 \\u0441\\u043c\\u044a\\u0440\\u0442"}'),
(95, 6, 1, NULL, 9, '75% от българите не смятат за об', 'text', '', 'text-center', '', NULL, '{"content":"<p>\\u0421\\u043f\\u043e\\u0440\\u0435\\u0434 \\u043f\\u0440\\u043e\\u0443\\u0447\\u0432\\u0430\\u043d\\u0435 \\u043d\\u0430 \\u041c\\u0411\\u041c\\u0414 \\u043e\\u0442 \\r\\n\\u0441\\u0435\\u043f\\u0442\\u0435\\u043c\\u0432\\u0440\\u0438 2018 \\u0433., 75% \\u043e\\u0442 \\u0431\\u044a\\u043b\\u0433\\u0430\\u0440\\u0438\\u0442\\u0435 \\u043d\\u0435 \\u0441\\u043c\\u044f\\u0442\\u0430\\u0442 \\u0437\\u0430 \\u043e\\u0431\\u043e\\u0441\\u043d\\u043e\\u0432\\u0430\\u043d\\u043e \\u043e\\u0442\\u0433\\u043b\\u0435\\u0436\\u0434\\u0430\\u043d\\u0435\\u0442\\u043e\\r\\n \\u0438 \\u0443\\u0431\\u0438\\u0432\\u0430\\u043d\\u0435\\u0442\\u043e \\u043d\\u0430 \\u0436\\u0438\\u0432\\u043e\\u0442\\u043d\\u0438 \\u0441\\u0430\\u043c\\u043e \\u0437\\u0430 \\u0442\\u0435\\u0445\\u043d\\u0438\\u0442\\u0435 \\u043a\\u043e\\u0436\\u0438."}'),
(96, 6, 1, NULL, 10, 'Подпишете петицията', 'text', '', 'text-center', '', NULL, '{"content":"<h3 class=\\"text-decorated\\">\\u041f\\u043e\\u0434\\u043f\\u0438\\u0448\\u0435\\u0442\\u0435 \\u043f\\u0435\\u0442\\u0438\\u0446\\u0438\\u044f\\u0442\\u0430, \\u0437\\u0430 \\u0434\\u0430 \\u0447\\u0443\\u044f\\u0442 \\u0442\\u044a\\u0440\\u0433\\u043e\\u0432\\u0446\\u0438\\u0442\\u0435 \\u0438 \\u043c\\u043e\\u0434\\u043d\\u0438\\u0442\\u0435 \\u0434\\u0438\\u0437\\u0430\\u0439\\u043d\\u0435\\u0440\\u0438, \\u0447\\u0435 \\u0442\\u0430\\u0437\\u0438 \\u0436\\u0435\\u0441\\u0442\\u043e\\u043a\\u043e\\u0441\\u0442 \\u043d\\u0435 \\u0435 \\u043f\\u0440\\u0438\\u0435\\u043c\\u043b\\u0438\\u0432\\u0430<\\/h3>"}'),
(97, 6, 1, NULL, 11, 'Как можете да помогнете?', 'stack', 'section-steps', 'bg-green-overlay-dense', 'bg-help.jpg', NULL, '{"container_tag_additional_classes":"","orientation":"vertical","count_cells":"2","stack":["{\\"id\\":98}","{\\"id\\":99}"]}'),
(98, 6, 1, 97, 0, 'Как можете да помогнете?', 'text', '', 'text-center', '', NULL, '{"content":"<div class=\\"bullet-icon\\"><img src=\\"data:image\\/png;base64,iVBORw0KGgoAAAANSUhEUgAAACUAAAAlCAYAAADFniADAAAD20lEQVRYhb2YzU8TQRTA+RP6J\\/AnTN8QgwkLjWu3Nia0NYquVUpI0Qgk7cHVitHdQNIgXUIDiXAwAQ9cMCEeOBgP0nDCdMmSbjh5wJuJl+LJ43jZJbPT2a+22OSlze6beb++r\\/kYGOjygxCKxePxsXg8PoYxLgGAijEuOc8QQrFu544KMogxLmGMDzHGJIQcYoxLCKHBq4CJAcB2SBCuAMB237wHACoAtD0MnQJAAwDqAKDZ3w0AOPXQbwOA2nfv2Eangv61PX4KABp98RpCKIYxNlmvIIQSK2cmqrWaa7plHNaspqlbBtEtg9i\\/D2ut5trKmYmY+RIc75mhwXhA165f31y1TlS9ZbQdiEBpGe1V60RdOzcvDQNAvSswNmR3nj1d11vGeWiYTrhzvWVkqfmn2FAGAWn0gMfam69+BhcO9snM6jtSWFJJYUklyqddT91V60Sl7LBgmmfY6CrLPJk584NJ52Vu6Q8LI0R+9cLLa9sUWJ2CanPDiDHecZSE5M3ffkDDwkhgXxJzWVI9PuoYX7OaGgVGJ\\/8O66VBekJlzzsM6YduD4nZDCksqkSuKESQkq53d0vzXh7L2nYTtL6r8wNA2XkhTdz76wWk7O26jJY\\/fujQkSuKS0f79oWb\\/JTtyz4GAOUB3ou5zQ1PLxUW1Utj48VpTz0xmwn0uhNGOukBoHGZ4PQ\\/q37vzANHqsdHZLw4TcRshpsvPPiivuzZx3j2EUIxV1zF7Hh3vYiRu6X5YCjLIE7npxMeIZRwQd16+KBnILY6\\/YpGt4w6mz4IoYSrYU4uvu0JaPb9ugtIzGZ89WtWs8HpWeW+QBX1ZTKakjp61cLBfhCUya4kAKD1DFXUlztgBCkZCOQI11O95hQNJUhJUlhUfSvTA8qdU67qy\\/nnAE+qx0ekqC+T2ffr3YT+1F7iTBYqdJ\\/qt9SsZoPbp6J09CuQOrejs2tfOi\\/\\/N6iVMxNh6rjmWvui7BJYUfZ2yWhKIqMpKdK4Wsu48N0lsPupKAlPb1dGU1KUfNKw+yzg3k85C+PQ0NAfR0l++TzU5HQHF6RkWKifzCHiwvMAwe7RwyS9srdLBClJBCkZOnx3nj1dp+147tF5YbyKasy\\/rnxmVoDOsPHCyB4c5YrSF6Dbk49+MB46jXQgZcHEXCZSdbEhHhFv\\/OoaiAZjQ+n0sbmtjcDOX\\/1+ROa2Nkjq\\/sRfdg6M8U5PNzB28l9wJiZiLkPSeZnIFYVMLWlErigknZeJmMt06DpVFpjUvXotovTmHR+4QQAo8653eGJfG5Wv5CbPAzCGEErY1zxl+9Ks7DzrxSv\\/AA5zniSpekm+AAAAAElFTkSuQmCC\\"><\\/div>\\r\\n<h3 class=\\"underlined-title\\">\\u041a\\u0430\\u043a \\u043c\\u043e\\u0436\\u0435\\u0442\\u0435 \\u0434\\u0430 \\u043f\\u043e\\u043c\\u043e\\u0433\\u043d\\u0435\\u0442\\u0435?<\\/h3>"}'),
(99, 6, 1, 97, 0, 'Help steps', 'stack', '', 'col-10 mx-auto', '', NULL, '{"container_tag_additional_classes":"","orientation":"horizontal","count_cells":"3","stack":["{\\"id\\":100}","{\\"id\\":101}","{\\"id\\":102}"]}'),
(100, 6, 1, 99, 0, 'Подпишете петицията', 'text', '', '', '', NULL, '{"content":"<a href=\\"#sign\\">\\r\\n\\t<div class=\\"bullet-icon\\"><img src=\\"data:image\\/png;base64,iVBORw0KGgoAAAANSUhEUgAAADQAAABACAYAAABVy1Q8AAACEElEQVRoge3boW7jQBAGYLMDR3Ko9xijmRcod0Chl1X3AlfJLOTCwu4l7gFaVuhIhUnx0UplR2oFt\\/pLNidrYyd2djeetPtLQ935vBNnIrlZ5oSIiJl\\/iUjFzC8igljFzGDmNxFZuH0EiYj8jI1oYhzYdWjM7SkgB5BhUMx8MzYmGMp+ZtwxuyOiSyKaBLljLYmGYua5iwnXdneinRQzL5sXMsZcAfiNuHmKNn7uuAH4FxkDAK3NB0G5FzhV3L9rb64\\/ShMoCEoLCMD3IChFoL8ALrxRikBb1DcvlDIQADx6oRSC\\/FBKQcejFIO2qK+DUMpBAPCAISgtIN+yPxgXHwZkUa+jgfI8j3JKg0FVVcEY03nR6XSKqqp6XacoitAjNxzU584aY\\/ockk\\/uAXxpewZEARVFERuErqf0USO3b1TyPO81cmpAWpJA2pNA2pNA2hP0e2jf6hOqDq1QwUAxlsqu2rdCnSVo3wp1stUnVB1aodJDQXsSSHsSSHsSSHvSLteVtMt5VNrljgFpSQJpTwJpTwJpz6cC1ecKIqKJA6p3XtFcrVZj99onzxZ02eydmZc7L9GWZTl2s33yx45b5YDmGRGRO3ZlWWK9XmOz2YzdeGtms9kPFyMiNRFRlmW6XkQ\\/tpj5JmtGRO7Gbsqj2t81tydVj9jY0Kp3TsaN\\/deBuX36acTVzLxk5vn\\/z0wj76SxLdkLFarnAAAAAElFTkSuQmCC\\"><\\/div>\\r\\n\\t<div class=\\"step-label\\">\\u0421\\u0442\\u044a\\u043f\\u043a\\u0430 1<\\/div>\\r\\n\\t<h5>\\u041f\\u043e\\u0434\\u043f\\u0438\\u0448\\u0435\\u0442\\u0435 \\u043f\\u0435\\u0442\\u0438\\u0446\\u0438\\u044f\\u0442\\u0430<\\/h5>\\r\\n\\t<p>\\u0417\\u0430\\u0441\\u0442\\u0430\\u043d\\u0435\\u0442\\u0435 \\u043d\\u0430 \\u0441\\u0442\\u0440\\u0430\\u043d\\u0430\\u0442\\u0430 \\u043d\\u0430 \\u0436\\u0438\\u0432\\u043e\\u0442\\u043d\\u0438\\u0442\\u0435<\\/p>\\r\\n<\\/a>"}'),
(101, 6, 1, 99, 0, 'Споделете тази страница', 'text', '', '', '', NULL, '{"content":"<a href=\\"#share\\">\\r\\n<div class=\\"bullet-icon\\"><img src=\\"data:image\\/png;base64,iVBORw0KGgoAAAANSUhEUgAAAEYAAAA6CAYAAAANzi8+AAAGnUlEQVRoge2b\\/U9bZRTH75+wX0z8kf+gzz0Pb93YJDEB8SWpM7wszmTT1jnNCLpFf9gyp5li3My6\\/SSDZNXcZWqmvR0aKSBlplfkRSiwFqToFkKZydIXGOsGBY4\\/rHTtvbftvbcvlyU9yTchTTjPPZ+ec57n3nvKMAUwQkgbAIwDQBgAYpRSpJQiAMTin42zLNuag\\/8yALgAAB8TQsryeOmFMZZlu5JBZFMc1GW16wDAoMjPFUJIbQFCys0MBkMzAESVApEBFDUYDDVK18vgy0UI2VXIWBVbvGy2tEJJgrNlMBialaxJKbVl8HObEEIKHXdGI4S0pbvAuro6tFgsyHEcBgIBDAQCyHEcWiwWrKurSwtIKRwAOCQuqSQ4Yd3gxMtHkikvNtSjR+hFDPmfaGUR8cE9xPVV3Laenh40Go3pMqfGK9iJz+244HPzLq+bD\\/sEB3rdfNjn5l0+t+OCV7AThmEYQgihlPJp4JQVHQwAPBRfzNfWz1OByClyGzEWTQBqaWmRwKmqrNzwCQ7MLt4+M2QvY5i05WUrKhSWZbs0QUnW6n8Z4Xzw3lsKwMSz6I9uU\\/zLkpR2UXcrANhIXrylcb86KNu6v5SAIy6rivJyRWASegJH3HdcRYEi13BnR0Q9JTQXl\\/jv9JnT09MjyZquS2cVg\\/G6+fDMkL2MEFIrkzWFb8Qsy06kpPyxI9qyJVnxniPerUyvNKjLGoG3M4y03wDAmYKDAYBITr0lXUNGRIvFkgKmZs9ulWAc6BXsBAAOFb0JG43Vm8mLjg7wuYMJ+RHXV5HjuBQw1VVVqsH4BIdVXE4AMFhwMOL6XVnw5AfMg3sYCAQkfUYDmEG569QBzIRGGKKGvLKYFzBeNx\\/WBcxLDfUpC44O2PMDJvyPTClVaskY1KWULIcP5nawy6B8NF+fwEd0ab7nzp5MPaFq3q6lGZP7dv24x+iyXf963Taf\\/YCnHoznj96cDnjbutpx7qouBzwMzlvFfeZAk8ZbgiSJfZarvSWIq2bP7rGi9xeGYRgMz5tuXOuUfLu59BpxeVKq\\/CYyWV988uG4TLbUFgUMwzAMhvx3Whr3S4I5\\/9mpvEDRshsdO3JoXeyHUsoXDQrDMAyG\\/bWzI7343L69kqAONO1X1HNmR3rxQJMULqUUf\\/rmkmIgN2\\/Y8O3Dr8v5iejyoAqDc7bRAV42MEopHm89gh3Wdhxz8biy4MGVBQ+OuRzYYW3H463vpP2\\/y9ZPHygBcv2KFQ+2yIONQ9HvuS+G\\/PzoAC+bOVpECGmbGbKXeQUHnwlK29E3M\\/nRF0oCTnDONjvSi3I9R6kA4KH49YlXsBOf4LD6BMegT+Aj24e3+DklnR\\/Pjnl9wjCPew6G\\/HduXOuUbLtZgGywLNuldj2Zp3T8jnzhtm0YnjdhcN461Hfd237mow3L4YPY9JopEcC+vTVrABBhWXZC6WsSOSOElFFKbQBgfSpe0ZasZCUrWclKVrKS7TRjWbYVAMYppWFKqeJRsjwoRindeTN7lNLOIoNQAqpTbRx5m9kzGAzNlFLNM3VFkNqZvUgaP8pn9vI1U1doqZnZAwBrBl8TWR9TZJupM5vNyHEcLi09mWsplC0tLSHHcWg2m\\/Mys0cpNWma2Us3U2c0GtHpdBYcRDZzOp0ZZ\\/aUwIl\\/+epm9uR6itlsRkTEtdgWLgYf4a2FVRz2L+NNbxj7p0IF001vGIf9y3hrYRUXg49wLbaVACQ7s1dtTO9vMnSvfyo01jcZ+rZvKmhxeVefjcebfWaPUiqZqTObzbi+sYVzS1EcmC4cBCUamA6h\\/24UYxtbaeEcff+UMn+TwWj\\/dOhL10R4FwCcEftJKSkq2pKNRiOuxTZx2L+sKxCxRvzLuBbbRESZmb2KCnX+JoPDv\\/vvP5N2Zk+u4f7S04fCbER3EHISZiP4cG0TnU6nJGu+6vxRla++qZD\\/1eY3GmWzJn6iTXxYX\\/\\/CjssUucyJbWxJdquXTY3q\\/U0GhysqK7tFjbiNAYBw8oetJ07qHrgS+e9G0Ww2p4DZU7NPk693j5\\/uF4GxSvpLxw8u3YNWKu7qd8p3pwzq+H5AvHUPSkayuv9c0D1gpZr4WzqapsVP99CC5EwjAaN3sGr0178reQHTPxWS+HmqwbhnIiUwcvptWhpQCUyagEpgSmB0ApP8c2BNJ0edVV5ekfM5pn8qhM\\/XNSRv1x6GUtpOKY0CQOyi7WfdA1WrE6fPY1W1EcvLK\\/DE6fOa\\/Vy0dSMAeADgDqXU9D9tD704sPnLzwAAAABJRU5ErkJggg==\\"><\\/div>\\r\\n<div class=\\"step-label\\">\\u0421\\u0442\\u044a\\u043f\\u043a\\u0430 2<\\/div>\\r\\n<h5>\\u0421\\u043f\\u043e\\u0434\\u0435\\u043b\\u0435\\u0442\\u0435 \\u0442\\u0430\\u0437\\u0438 \\u0441\\u0442\\u0440\\u0430\\u043d\\u0438\\u0446\\u0430<\\/h5>\\r\\n<p>\\u0414\\u0430\\u0439\\u0442\\u0435 \\u0432\\u044a\\u0437\\u043c\\u043e\\u0436\\u043d\\u043e\\u0441\\u0442 \\u043d\\u0430 \\u043f\\u0440\\u0438\\u044f\\u0442\\u0435\\u043b\\u0438\\u0442\\u0435 \\u0441\\u0438 \\u0434\\u0430 \\u0440\\u0430\\u0437\\u0431\\u0435\\u0440\\u0430\\u0442 \\u0437\\u0430 \\u043f\\u0440\\u043e\\u0431\\u043b\\u0435\\u043c\\u0430<\\/p>\\r\\n<\\/a>"}'),
(102, 6, 1, 99, 0, 'Напревете дарение', 'text', '', '', '', NULL, '{"content":"<a href=\\"https:\\/\\/caai.bg\\/podkrepete-ni\\" target=_blank>\\r\\n<div class=\\"bullet-icon\\"><img src=\\"data:image\\/png;base64,iVBORw0KGgoAAAANSUhEUgAAAEMAAAA7CAYAAAAguzffAAAEVUlEQVRogeWaPWgUQRTHt013WFuksZXHe7vZXLIXTwwYgpCLFhYqHmgKFU6tBAtzCBZXmEhyyYoIObEQLMwpWikkaGNnrCwTmHQWRmzsYuFMmOzO3N1e9vP2D6\\/Z3Zv35vfevpndW8PoQwAwg4iLRLRBRBuI+IuI9rmJY4sAMNPP+BqfBSK6iohr3Mc34RMRt4VfIroNABCWX10ww0S07pl4V+PXrwPAcD9+iagiTzyA321EnAeAQqgQeDYCBaMJcK1XKABQ5pk+qs9fiDh\\/ZBCIWA1aCT0GV+3idzFMn9y+9X37IOJ8hwntEFGLiCoAUBalCAAFntEKEbX4dboxfNnifWG9w2+2ELHOfYL0u2EAKCNilYjaRLSnSwQAlIOCUN4WiLgTdDAepBIKIq55QOh6Qztoz0HEegco1SCDqAa4EyQYxbh3OvQRJYh+4Mvi47Y0FdL5luFl5g14T\\/4hKz4\\/xhy3zEorc8xxa8xxG6zkLjPHbTDHrfHjZVZ8fkwRHKiypepLiLgFAIVde+k4c9wy91VjJXfZ769ps+LCUJBEcCDqlYavGt6gDkCw0upJ5rj1g2B6McetMfvpCYWfrS7NrsWcph2Gvy6J3lDCUJUTAADPTC1QUIogd+2l4xKQgg7IpFl6GxiCCoqiUjQtoOKrClWP4NlpHCmwQ2XdtDsBOWee\\/hiKL+5PToCU9LZnntvdLthhY+6F0AKTbXzlvArIrDX5ORJ\\/UgI6JL4ql8+hXnHPungjksAOgLiXhG9WXBj66jy6HaU\\/b4UoWkJbnKjIJ0bQ2o0UhASEFReGmLN6L3JfjtuQVze+qh1aWURVPJFPXLKmt2KBIYKMy1dp9bKnmXo3ghUDETflgyujtz7EF2DMJi273lsFEes+GC9G775JPOjobE63zCJi3fB21hQEHK3x\\/YdiE9bKHwy+1PKna7kyNvMHY7w5ra2MnPWMZcb7hrJn5Go1KbnLzHFrqi2FgHHoYNU69yPxgOOBse3bZ3h3oKdo7HfiAUdrc94dKBHtyXv1vdz0jfHmtPbZRPXUOsjVsVK8OdXxqVX1WPvAvvIl6cCjsBHTeud9XWF4pSid\\/fbo\\/VdJBx+mXbdm3nnnSN43XaI6Rsj8I19YROvv5vjDF0lPIgxrjF77pLg9Nn0gpIcX30vTKXPi53fn8bOkJxM2CPr\\/sntYC8MwDGOKTi0NEhANiP2e\\/2o8a068HwQgOhA9\\/6MmNGOe2cgykNBACM1ak5+zCCR0EFmtkMhACGWlh0QOIitAYgORdiCxg0grkMRApA1I4iDSAiQ1IJIGkjoQQpNm6W2cQFILQmiCiq\\/jAJJ6EEJRA8kMCKGogGQOhFDYQDILQigsIJkHIXRUIAMDQqhfIAMHQmgM7VdBgAwsCCHbtF72AmTgQQh1A5IbEEI6IA\\/sK753rQMNQkgFJJcghLoByQ0IIR2Q3IEQIv9XutWkY0pUiFjnH9n5Pw2IWf8AkEJGzCvlExQAAAAASUVORK5CYII=\\"><\\/div>\\r\\n<div class=\\"step-label\\">\\u0421\\u0442\\u044a\\u043f\\u043a\\u0430 3<\\/div>\\r\\n<h5>\\u041d\\u0430\\u043f\\u0440\\u0435\\u0432\\u0435\\u0442\\u0435 \\u0434\\u0430\\u0440\\u0435\\u043d\\u0438\\u0435<\\/h5>\\r\\n<p>\\u0417\\u0430 \\u0434\\u0430 \\u043c\\u043e\\u0436\\u0435\\u043c \\u0434\\u0430 \\u043f\\u0440\\u043e\\u0434\\u044a\\u043b\\u0436\\u0438\\u043c \\u0434\\u0430 \\u0441\\u0435 \\u0431\\u043e\\u0440\\u0438\\u043c \\u0437\\u0430 \\u0436\\u0438\\u0432\\u043e\\u0442\\u043d\\u0438\\u0442\\u0435<\\/p>\\r\\n<\\/a>"}'),
(103, 6, 1, NULL, 12, 'Подпишете призива към търговците', 'text', 'section-appeal', '', '', NULL, '{"content":"<div class=\\"card col-md-12 col-lg-9 mx-auto\\">\\r\\n\\t<div class=\\"card-body text-justify\\">\\r\\n<h3 class=\\"text-center\\">\\u041f\\u043e\\u0434\\u043f\\u0438\\u0448\\u0435\\u0442\\u0435 \\u043f\\u0440\\u0438\\u0437\\u0438\\u0432\\u0430 \\u043a\\u044a\\u043c \\u0442\\u044a\\u0440\\u0433\\u043e\\u0432\\u0446\\u0438\\u0442\\u0435!<\\/h3>\\r\\n<p>\\u041f\\u0440\\u0438\\u0437\\u043e\\u0432\\u0430\\u0432\\u0430\\u043c \\u043c\\u0430\\u0433\\u0430\\u0437\\u0438\\u043d\\u0438, \\u043c\\u043e\\u0434\\u043d\\u0438 \\u043a\\u043e\\u043c\\u043f\\u0430\\u043d\\u0438\\u0438, \\u0434\\u0438\\u0437\\u0430\\u0439\\u043d\\u0435\\u0440\\u0438 \\u0438 \\u043c\\u0430\\u0440\\u043a\\u0438 \\u0437\\u0430 \\u0434\\u0440\\u0435\\u0445\\u0438 \\u0434\\u0430 \\r\\n\\u0441\\u043f\\u0440\\u0430\\u0442 \\u0434\\u0430 \\u043a\\u0443\\u043f\\u0443\\u0432\\u0430\\u0442 \\u0438 \\u043f\\u0440\\u043e\\u0434\\u0430\\u0432\\u0430\\u0442 \\u0436\\u0438\\u0432\\u043e\\u0442\\u0438\\u043d\\u0441\\u043a\\u0438 \\u043a\\u043e\\u0436\\u0438 \\u0441 \\u043a\\u043e\\u0441\\u044a\\u043c \\u043e\\u0442 \\u043b\\u0438\\u0441\\u0438\\u0446\\u0438, \\u043d\\u043e\\u0440\\u043a\\u0438, \\r\\n\\u0447\\u0438\\u043d\\u0447\\u0438\\u043b\\u0438 \\u0438 \\u0434\\u0440\\u0443\\u0433\\u0438 \\u0436\\u0438\\u0432\\u043e\\u0442\\u043d\\u0438 \\u0438 \\u0434\\u0430 \\u0441\\u043f\\u0440\\u0430\\u0442 \\u0434\\u0430 \\u043f\\u043e\\u0434\\u043a\\u0440\\u0435\\u043f\\u044f\\u0442 \\u0436\\u0435\\u0441\\u0442\\u043e\\u043a\\u0430\\u0442\\u0430 \\u043a\\u043e\\u0436\\u0443\\u0445\\u0430\\u0440\\u0441\\u043a\\u0430 \\r\\n\\u0438\\u043d\\u0434\\u0443\\u0441\\u0442\\u0440\\u0438\\u044f, \\u043a\\u043e\\u044f\\u0442\\u043e \\u043d\\u044f\\u043c\\u0430 \\u043c\\u044f\\u0441\\u0442\\u043e \\u0432 21-\\u0432\\u0438 \\u0432\\u0435\\u043a. \\u0412\\u044a\\u0432 \\u0444\\u0435\\u0440\\u043c\\u0438\\u0442\\u0435 \\u0437\\u0430 \\u043a\\u043e\\u0436\\u0438 \\u043f\\u043e \\u0441\\u0432\\u0435\\u0442\\u0430 \\r\\n\\u0441\\u0442\\u043e\\u0442\\u0438\\u0446\\u0438 \\u043c\\u0438\\u043b\\u0438\\u043e\\u043d\\u0438 \\u0436\\u0438\\u0432\\u043e\\u0442\\u043d\\u0438 \\u043f\\u0440\\u0435\\u043a\\u0430\\u0440\\u0432\\u0430\\u0442 \\u0446\\u0435\\u043b\\u0438\\u044f \\u0441\\u0438 \\u0436\\u0438\\u0432\\u043e\\u0442 \\u0437\\u0430\\u0442\\u0432\\u043e\\u0440\\u0435\\u043d\\u0438 \\u0432 \\u043c\\u0430\\u043b\\u043a\\u0438 \\r\\n\\u0442\\u0435\\u043b\\u0435\\u043d\\u0438 \\u043a\\u043b\\u0435\\u0442\\u043a\\u0438, \\u0437\\u0430 \\u0434\\u0430 \\u043c\\u043e\\u0436\\u0435 \\u043d\\u044f\\u043a\\u043e\\u043b\\u043a\\u043e \\u043c\\u0435\\u0441\\u0435\\u0446\\u0430 \\u043f\\u043e-\\u043a\\u044a\\u0441\\u043d\\u043e \\u0434\\u0430 \\u0431\\u044a\\u0434\\u0430\\u0442 \\u0443\\u0431\\u0438\\u0442\\u0438 \\u0441 \\u0442\\u043e\\u043a\\u043e\\u0432\\r\\n \\u0443\\u0434\\u0430\\u0440 \\u0438\\u043b\\u0438 \\u0432 \\u0433\\u0430\\u0437\\u043e\\u0432\\u0438 \\u043a\\u0430\\u043c\\u0435\\u0440\\u0438, \\u043f\\u043e\\u0441\\u043b\\u0435 \\u043e\\u0434\\u0440\\u0430\\u043d\\u0438 \\u0438 \\u0442\\u0440\\u0443\\u043f\\u043e\\u0432\\u0435\\u0442\\u0435 \\u0438\\u043c \\u2013 \\u0438\\u0437\\u0445\\u0432\\u044a\\u0440\\u043b\\u0435\\u043d\\u0438. \\r\\n\\u041e\\u0442\\u0433\\u043b\\u0435\\u0436\\u0434\\u0430\\u043d\\u0435\\u0442\\u043e \\u043d\\u0430 \\u0442\\u0435\\u0437\\u0438 \\u0434\\u0438\\u0432\\u0438 \\u0445\\u0438\\u0449\\u043d\\u0438\\u0446\\u0438 \\u0432 \\u043a\\u043b\\u0435\\u0442\\u043a\\u0438 \\u0431\\u0443\\u043a\\u0432\\u0430\\u043b\\u043d\\u043e \\u0433\\u0438 \\u043f\\u043e\\u0434\\u043b\\u0443\\u0434\\u044f\\u0432\\u0430 \\u0438 \\u0432\\u043e\\u0434\\u0438 \\r\\n\\u0434\\u043e \\u0430\\u0433\\u0440\\u0435\\u0441\\u0438\\u044f \\u043c\\u0435\\u0436\\u0434\\u0443 \\u0436\\u0438\\u0432\\u043e\\u0442\\u043d\\u0438\\u0442\\u0435, \\u0441\\u0430\\u043c\\u043e\\u043d\\u0430\\u0440\\u0430\\u043d\\u044f\\u0432\\u0430\\u043d\\u0435 \\u0438 \\u0434\\u043e\\u0440\\u0438 \\u043a\\u0430\\u043d\\u0438\\u0431\\u0430\\u043b\\u0438\\u0437\\u044a\\u043c. \\r\\n\\u041f\\u0440\\u043e\\u0434\\u0443\\u043a\\u0442\\u0438\\u0442\\u0435 \\u043d\\u0430 \\u0442\\u0430\\u0437\\u0438 \\u0438\\u0437\\u043b\\u0438\\u0448\\u043d\\u0430 \\u0436\\u0435\\u0441\\u0442\\u043e\\u043a\\u043e\\u0441\\u0442 \\u043d\\u0435 \\u0441\\u0430 \\u0441\\u044a\\u0432\\u043c\\u0435\\u0441\\u0442\\u0438\\u043c\\u0438 \\u0441 \\u0435\\u0442\\u0438\\u0447\\u043d\\u0430\\u0442\\u0430 \\u043c\\u043e\\u0434\\u0430 \\u043d\\u0430\\r\\n \\u0431\\u044a\\u0434\\u0435\\u0449\\u0435\\u0442\\u043e \\u0438 \\u043d\\u0430\\u0441\\u0442\\u043e\\u044f\\u0449\\u0435\\u0442\\u043e.<\\/p>\\r\\n\\t\\t<collapse display=\\"\\u041f\\u043e\\u043a\\u0430\\u0436\\u0438 \\u0441\\u044a\\u0434\\u044a\\u0440\\u0436\\u0430\\u043d\\u0438\\u0435\\u0442\\u043e \\u043d\\u0430 \\u043f\\u0435\\u0442\\u0438\\u0446\\u0438\\u044f\\u0442\\u0430\\">\\r\\n<p>\\u041f\\u0440\\u0438\\u0437\\u043e\\u0432\\u0430\\u0432\\u0430\\u043c \\u0432\\u0441\\u0438\\u0447\\u043a\\u0438 \\u0412\\u0430\\u0441 \\u0434\\u0430 \\u043f\\u0440\\u0435\\u0434\\u043f\\u0440\\u0438\\u0435\\u043c\\u0435\\u0442\\u0435 \\u0441\\u0442\\u044a\\u043f\\u043a\\u0438 \\u0437\\u0430 <strong>\\u043f\\u0440\\u0435\\u043a\\u0440\\u0430\\u0442\\u044f\\u0432\\u0430\\u043d\\u0435 \\u043d\\u0430 \\u043f\\u0440\\u043e\\u0434\\u0430\\u0436\\u0431\\u0430\\u0442\\u0430 \\u043d\\u0430 \\u0441\\u0442\\u043e\\u043a\\u0438, \\u0441\\u044a\\u0441\\u0442\\u0430\\u0432\\u0435\\u043d\\u0438 \\u043e\\u0442 \\u0438\\u043b\\u0438 \\u0441\\u044a\\u0434\\u044a\\u0440\\u0436\\u0430\\u0449\\u0438 \\u0436\\u0438\\u0432\\u043e\\u0442\\u0438\\u043d\\u0441\\u043a\\u0438 \\u043a\\u043e\\u0436\\u0438 \\u0441 \\u043a\\u043e\\u0441\\u044a\\u043c<\\/strong>,\\r\\n \\u0438 \\u0434\\u0430 \\u043f\\u043e\\u0434\\u043f\\u0438\\u0448\\u0435\\u0442\\u0435 \\u0434\\u0435\\u043a\\u043b\\u0430\\u0440\\u0430\\u0446\\u0438\\u044f\\u0442\\u0430 \\u043a\\u044a\\u043c \\u043f\\u0440\\u043e\\u0433\\u0440\\u0430\\u043c\\u0430\\u0442\\u0430 \\"\\u0422\\u044a\\u0440\\u0433\\u043e\\u0432\\u0435\\u0446 \\u0431\\u0435\\u0437 \\u0446\\u0435\\u043d\\u043d\\u0438 \\u043a\\u043e\\u0436\\u0438\\". \\r\\n\\u0421\\u0432\\u0435\\u0442\\u044a\\u0442 \\u043d\\u0430 \\u043c\\u043e\\u0434\\u0430\\u0442\\u0430 \\u043e\\u0442\\u0434\\u0430\\u0432\\u043d\\u0430 \\u043c\\u0430\\u0441\\u043e\\u0432\\u043e \\u0435 \\u043e\\u0442\\u0445\\u0432\\u044a\\u0440\\u043b\\u0438\\u043b \\u0436\\u0435\\u0441\\u0442\\u043e\\u043a\\u0430\\u0442\\u0430 \\u043c\\u0430\\u0442\\u0435\\u0440\\u0438\\u044f \\u0438 \\u0432\\u0441\\u0435 \\r\\n\\u043f\\u043e\\u0432\\u0435\\u0447\\u0435 \\u043c\\u043e\\u0434\\u043d\\u0438 \\u0433\\u0438\\u0433\\u0430\\u043d\\u0442\\u0438 \\u0432\\u0437\\u0438\\u043c\\u0430\\u0442 \\u0435\\u0442\\u0438\\u0447\\u043d\\u0438\\u044f \\u0438\\u0437\\u0431\\u043e\\u0440 \\u2013 Prada, Gucci, Versace, \\r\\nH&amp;M, Zara, Hugo Boss, Michael Kors, Armani \\u0438 \\u043e\\u0449\\u0435 \\u0441\\u0442\\u043e\\u0442\\u0438\\u0446\\u0438 \\u0434\\u0440\\u0443\\u0433\\u0438. \\r\\n\\u041a\\u043e\\u0436\\u0438\\u0442\\u0435 \\u043e\\u0442 \\u043b\\u0438\\u0441\\u0438\\u0446\\u0438, \\u043d\\u043e\\u0440\\u043a\\u0438 \\u0438 \\u0434\\u0440. \\u0441\\u0430 \\u043e\\u0442\\u0445\\u0432\\u044a\\u0440\\u043b\\u0435\\u043d\\u0438 \\u043e\\u0442 75% \\u043e\\u0442 \\u0431\\u044a\\u043b\\u0433\\u0430\\u0440\\u0438\\u0442\\u0435, \\u043a\\u043e\\u0438\\u0442\\u043e \\r\\n\\u0441\\u043c\\u044f\\u0442\\u0430\\u0442, \\u0447\\u0435 \\u0436\\u0435\\u0441\\u0442\\u043e\\u043a\\u0430\\u0442\\u0430 \\u043a\\u043e\\u0436\\u0443\\u0445\\u0430\\u0440\\u0441\\u043a\\u0430 \\u0438\\u043d\\u0434\\u0443\\u0441\\u0442\\u0440\\u0438\\u044f \\u043d\\u0435 \\u0435 \\u043e\\u0431\\u043e\\u0441\\u043d\\u043e\\u0432\\u0430\\u043d\\u0430. \\u0422\\u0435\\u043d\\u0434\\u0435\\u043d\\u0446\\u0438\\u0438\\u0442\\u0435 \\r\\n\\u043f\\u043e \\u0441\\u0432\\u0435\\u0442\\u0430 \\u0441\\u0430 \\u0435\\u0434\\u043d\\u0438 \\u0438 \\u0441\\u044a\\u0449\\u0438 \\u2013 \\u043a\\u043e\\u0436\\u0443\\u0445\\u0430\\u0440\\u0441\\u043a\\u0430\\u0442\\u0430 \\u0438\\u043d\\u0434\\u0443\\u0441\\u0442\\u0440\\u0438\\u044f \\u043d\\u044f\\u043c\\u0430 \\u0431\\u044a\\u0434\\u0435\\u0449\\u0435.<\\/p>\\r\\n\\t\\t<\\/collapse>\\r\\n<p>\\u0418\\u043c\\u0430\\u0442\\u0435 \\u0432\\u044a\\u0437\\u043c\\u043e\\u0436\\u043d\\u043e\\u0441\\u0442\\u0442\\u0430 \\u0434\\u0430 \\u0441\\u0435 \\u043e\\u0442\\u043a\\u0440\\u043e\\u0438\\u0442\\u0435 \\u043a\\u0430\\u0442\\u043e \\u043c\\u0430\\u0440\\u043a\\u0430, \\u043a\\u043e\\u044f\\u0442\\u043e \\u043d\\u0435 \\u0435 \\u0431\\u0435\\u0437\\u0440\\u0430\\u0437\\u043b\\u0438\\u0447\\u043d\\u0430 \\r\\n\\u043a\\u044a\\u043c \\u0441\\u0442\\u0440\\u0430\\u0434\\u0430\\u043d\\u0438\\u0435\\u0442\\u043e \\u043d\\u0430 \\u0436\\u0438\\u0432\\u043e\\u0442\\u043d\\u0438\\u0442\\u0435 \\u0441\\u0430\\u043c\\u043e \\u0432 \\u0438\\u043c\\u0435\\u0442\\u043e \\u043d\\u0430 \\u043f\\u0435\\u0447\\u0430\\u043b\\u0431\\u0430\\u0442\\u0430. \\u041e\\u0442\\u043a\\u0430\\u0437\\u0432\\u0430\\u043d\\u0435\\u0442\\u043e \\u043e\\u0442 \\r\\n\\u043f\\u0440\\u043e\\u0434\\u0430\\u0432\\u0430\\u043d\\u0435 \\u043d\\u0430 \\u0441\\u0442\\u043e\\u043a\\u0438 \\u0441 \\u0436\\u0438\\u0432\\u043e\\u0442\\u0438\\u043d\\u0441\\u043a\\u0438 \\u043a\\u043e\\u0436\\u0438 \\u0441 \\u043a\\u043e\\u0441\\u044a\\u043c \\u0435 \\u043f\\u0440\\u043e\\u043c\\u044f\\u043d\\u0430, \\u043e\\u0442 \\u043a\\u043e\\u044f\\u0442\\u043e \\u0432\\u0441\\u044f\\u043a\\u0430 \\r\\n\\u043c\\u043e\\u0434\\u043d\\u0430 \\u043a\\u043e\\u043c\\u043f\\u0430\\u043d\\u0438\\u044f \\u043c\\u043e\\u0436\\u0435 \\u0434\\u0430 \\u0441\\u0435 \\u0433\\u043e\\u0440\\u0434\\u0435\\u0435. \\u0412\\u0441\\u044f\\u043a\\u0430 \\u0433\\u043e\\u0434\\u0438\\u043d\\u0430 \\u043e\\u0442\\u043b\\u0430\\u0433\\u0430\\u043d\\u0435 \\u043d\\u0430 \\u0442\\u043e\\u0432\\u0430 \\u0440\\u0435\\u0448\\u0435\\u043d\\u0438\\u0435 \\r\\n\\u043e\\u0437\\u043d\\u0430\\u0447\\u0430\\u0432\\u0430 \\u043e\\u0449\\u0435 \\u0435\\u0434\\u043d\\u0430 \\u0433\\u043e\\u0434\\u0438\\u043d\\u0430 \\u0441\\u0442\\u0440\\u0430\\u0434\\u0430\\u043d\\u0438\\u0435 \\u0438 \\u0441\\u043c\\u044a\\u0440\\u0442 \\u0437\\u0430 \\u043d\\u0435\\u0432\\u0438\\u043d\\u043d\\u0438 \\u0436\\u0438\\u0432\\u043e\\u0442\\u043d\\u0438, \\u0441\\u0430\\u043c\\u043e \\u0438 \\r\\n\\u0435\\u0434\\u0438\\u043d\\u0441\\u0442\\u0432\\u0435\\u043d\\u043e \\u0432 \\u0438\\u043c\\u0435\\u0442\\u043e \\u043d\\u0430 \\u043c\\u043e\\u0434\\u0430\\u0442\\u0430. \\u041d\\u0435\\u043a\\u0430 \\u043d\\u0435 \\u0447\\u0430\\u043a\\u0430\\u043c\\u0435 \\u043f\\u043e\\u0432\\u0435\\u0447\\u0435. \\u041d\\u0435\\u043a\\u0430 \\u043d\\u0430\\u043f\\u0440\\u0430\\u0432\\u0438\\u043c \\r\\n\\u043a\\u043e\\u0436\\u0438\\u0442\\u0435 \\u0438\\u0441\\u0442\\u043e\\u0440\\u0438\\u044f.<\\/p>\\r\\n<p class=\\"text-center\\">\\r\\n\\t<a href=\\"#sign\\" class=\\"btn btn-danger btn-lg\\"><img src=\\"data:image\\/svg+xml;base64,PHN2ZyB3aWR0aD0iMjFweCIgaGVpZ2h0PSIyM3B4IiB2aWV3Qm94PSIwIDAgMjEgMjMiIHZlcnNpb249IjEuMSIgeG1sbnM9Imh0dHA6Ly93d3cudzMub3JnLzIwMDAvc3ZnIiB4bWxuczp4bGluaz0iaHR0cDovL3d3dy53My5vcmcvMTk5OS94bGluayI+CiAgICA8ZGVmcz48L2RlZnM+CiAgICA8ZyBpZD0iSG9tZXBhZ2UiIHN0cm9rZT0ibm9uZSIgc3Ryb2tlLXdpZHRoPSIxIiBmaWxsPSJub25lIiBmaWxsLXJ1bGU9ImV2ZW5vZGQiIHN0cm9rZS1saW5lY2FwPSJyb3VuZCIgc3Ryb2tlLWxpbmVqb2luPSJyb3VuZCI+CiAgICAgICAgPGcgaWQ9IkhlYWRpbmctQ29weSIgdHJhbnNmb3JtPSJ0cmFuc2xhdGUoLTEwOTAuMDAwMDAwLCAtNjEyLjAwMDAwMCkiIHN0cm9rZT0iI0ZGRkZGRiIgc3Ryb2tlLXdpZHRoPSIyIj4KICAgICAgICAgICAgPGcgaWQ9IkZvcm11bGFyeiIgdHJhbnNmb3JtPSJ0cmFuc2xhdGUoODkyLjAwMDAwMCwgNDMuMDAwMDAwKSI+CiAgICAgICAgICAgICAgICA8ZyBpZD0iQnRuLWJsb2NrLWJ0bi1sZyIgdHJhbnNmb3JtPSJ0cmFuc2xhdGUoMzcuMDAwMDAwLCA1NTQuMzEyOTI1KSI+CiAgICAgICAgICAgICAgICAgICAgPGcgaWQ9ImVkaXQtMyIgdHJhbnNmb3JtPSJ0cmFuc2xhdGUoMTYyLjM0NDE2OCwgMTUuOTQ1NTc4KSI+CiAgICAgICAgICAgICAgICAgICAgICAgIDxwb2x5Z29uIGlkPSJTaGFwZSIgcG9pbnRzPSIxMS4yMzEzNTc2IDAgMTUuMzE1NDg3NiAzLjk4NjM5NDU2IDQuMDg0MTMwMDIgMTQuOTQ4OTc5NiAwIDE0Ljk0ODk3OTYgMCAxMC45NjI1ODUiPjwvcG9seWdvbj4KICAgICAgICAgICAgICAgICAgICAgICAgPHBhdGggZD0iTTAsMTkuOTMxOTcyOCBMMTguMzc4NTg1MSwxOS45MzE5NzI4IiBpZD0iU2hhcGUiPjwvcGF0aD4KICAgICAgICAgICAgICAgICAgICA8L2c+CiAgICAgICAgICAgICAgICA8L2c+CiAgICAgICAgICAgIDwvZz4KICAgICAgICA8L2c+CiAgICA8L2c+Cjwvc3ZnPgo=\\"> \\u041f\\u043e\\u0434\\u043f\\u0438\\u0441\\u0432\\u0430\\u043c<\\/a><\\/p>\\r\\n\\t<\\/div>\\r\\n<\\/div>"}'),
(104, 6, 3, NULL, 13, 'Share', 'stack', 'share', 'text-center', 'bg-share.jpg', NULL, '{"container_tag_additional_classes":"","orientation":"vertical","count_cells":"2","stack":["{\\"id\\":105}","{\\"id\\":106}"]}'),
(105, 6, 1, 104, 0, 'Споделете петицията', 'text', '', '', '', NULL, '{"content":"<div class=\\"bullet-icon\\"><img src=\\"data:image\\/png;base64,iVBORw0KGgoAAAANSUhEUgAAACAAAAAiCAYAAAA+stv\\/AAAB+ElEQVRYhc2WvUoDQRSF5xF8g9gOKebOuY1iCjX+oWidJhaxV6t0AZuwb2Crhb15AvEBxFjbqI1iZYIQQYSx2YTJZDa70dnVC9Msy5679+ebI0SOoZSqEFEbwBURtZVSlTz1RiGlLAG4ZWbjHgC3UspS3uIDn7iVxCC3JLTWXVtspbpuavWG2drZG0tCa90NLq6Uqtgih82WuXl6H53Ti85YEsFngpkj+89t8eFZqa7bSURBE9BaXw8\\/Xqs3vAnU6g27DddBE2DmCIABYLZ29oqtABEtA3geTTqzOb3o5D8DRDTPzJfedWM2q2sbprZ\\/YDa3d7NtwSz0AnAC4M0R7gP4TOHAxwQHZqFXXO4Hz7vnRDQnpSy5PLD\\/PEk8lV7lcnnJV24Ad0S07KsmM0fxdkSJ1Uyilz2x8XR\\/OeI9AMdTRiQ9XHq5k3vYbBkAvqqcE9Hcr8SFGKdX0u4uLC7alXj1lfvHkZVeQ8DkQq8s\\/LbaEJbfWW4wewYA3AdtgRCTW+DSyzeEAM6CDKEQIw58pHDgk5n7zrM3Zj4KlkQavWLudzzvdJNANLMpzUKvGMWPSW0pzJQCOGHmniOQ5TIKZ0qntKVYUxq35WUa1gsxpX9myYT4J6Y07WLLtQI21gszpW7YMPuRKf1tZMT6pCkNncRMpjSvyIL1b6VxTI0gmLUIAAAAAElFTkSuQmCC\\"><\\/div>\\r\\n<h4>\\u0421\\u043f\\u043e\\u0434\\u0435\\u043b\\u0435\\u0442\\u0435 \\u043f\\u0435\\u0442\\u0438\\u0446\\u0438\\u044f\\u0442\\u0430<\\/h4>\\r\\n<p class=\\"lead\\">\\u041d\\u0430\\u0441\\u044a\\u0440\\u0447\\u0435\\u0442\\u0435 \\u0412\\u0430\\u0448\\u0438 \\u043f\\u0440\\u0438\\u044f\\u0442\\u0435\\u043b\\u0438 \\u0438 \\u0431\\u043b\\u0438\\u0437\\u043a\\u0438 \\u0434\\u0430 \\u0437\\u0430\\u0441\\u0442\\u0430\\u043d\\u0430\\u0442 \\u0432 \\u0437\\u0430\\u0449\\u0438\\u0442\\u0430 \\u043d\\u0430 \\u0436\\u0438\\u0432\\u043e\\u0442\\u043d\\u0438\\u0442\\u0435, \\u043e\\u0442\\u0433\\u043b\\u0435\\u0436\\u0434\\u0430\\u043d\\u0438 \\u0437\\u0430 \\u043a\\u043e\\u0436\\u0438<\\/p>"}'),
(106, 6, 1, 104, 0, 'Share', 'share', '', '', '', NULL, '{"og_url":"https:\\/\\/furfree.caai.bg","og_type":"website","og_title":"\\u041f\\u0435\\u0442\\u0438\\u0446\\u0438\\u044f \\u0441\\u0440\\u0435\\u0449\\u0443 \\u043f\\u0440\\u043e\\u0434\\u0430\\u0436\\u0431\\u0430\\u0442\\u0430 \\u043d\\u0430 \\u043a\\u043e\\u0436\\u0438 \\u0441 \\u043a\\u043e\\u0441\\u044a\\u043c","og_description":"\\u041f\\u0440\\u0438\\u0437\\u043e\\u0432\\u0435\\u0442\\u0435 \\u0442\\u044a\\u0440\\u0433\\u043e\\u0432\\u0446\\u0438\\u0442\\u0435 \\u0434\\u0430 \\u043d\\u0435 \\u043f\\u043e\\u0434\\u043a\\u0440\\u0435\\u043f\\u044f\\u0442 \\u043a\\u043e\\u0436\\u0443\\u0445\\u0430\\u0440\\u0441\\u043a\\u0430\\u0442\\u0430 \\u0438\\u043d\\u0434\\u0443\\u0441\\u0442\\u0440\\u0438\\u044f! \\u0417\\u0430\\u0435\\u0434\\u043d\\u043e \\u043c\\u043e\\u0436\\u0435\\u043c \\u0434\\u0430 \\u0441\\u043f\\u0430\\u0441\\u0438\\u043c \\u0441\\u0442\\u043e\\u0442\\u0438\\u0446\\u0438 \\u0445\\u0438\\u043b\\u044f\\u0434\\u0438 \\u0436\\u0438\\u0432\\u043e\\u0442\\u043d\\u0438.","og_image":"shareimg.png"}'),
(107, 6, 3, NULL, 15, 'Footer', 'text', 'footer', '', '', NULL, '{"content":"<div class=\\"col-sm-5 mx-auto\\">\\r\\n<a href=\\"https:\\/\\/caai.bg\\" target=\\"_blank\\"><img src=\\"\\/petitions\\/2\\/images\\/Logo-caai-dark.png\\" width=\\"120\\" align=\\"left\\"><\\/a>\\r\\n\\u0421\\u0434\\u0440\\u0443\\u0436\\u0435\\u043d\\u0438\\u0435 \\"\\u041a\\u0430\\u043c\\u043f\\u0430\\u043d\\u0438\\u0438 \\u0438 \\u0430\\u043a\\u0442\\u0438\\u0432\\u0438\\u0437\\u044a\\u043c \\u0437\\u0430 \\u0436\\u0438\\u0432\\u043e\\u0442\\u043d\\u0438\\u0442\\u0435 \\u0432 \\u0438\\u043d\\u0434\\u0443\\u0441\\u0442\\u0440\\u0438\\u044f\\u0442\\u0430\\" (\\u041a\\u0410\\u0416\\u0418)\\r\\n\\u0443\\u043b. \\"\\u0422\\u0443\\u043d\\u0434\\u0436\\u0430\\" \\u21163, 1606 \\u0421\\u043e\\u0444\\u0438\\u044f, \\u0411\\u044a\\u043b\\u0433\\u0430\\u0440\\u0438\\u044f\\r\\n<\\/div>"}'),
(108, 6, 1, NULL, 1, 'Header', 'stack', '', 'fixed-background', 'bg-fox-in-cage.png', NULL, '{"container_tag_additional_classes":"","orientation":"horizontal","count_cells":"2","stack":["{\\"id\\":109}","{\\"id\\":110}"]}');
INSERT INTO `section` (`id`, `petition_id`, `mask_pages`, `parent_id`, `order_ind`, `title`, `type`, `tag_id`, `tag_additional_classes`, `background_image`, `background_image_mobile`, `data`) VALUES
(109, 6, 1, 108, 0, 'Intro', 'text', '', 'intro', '', NULL, '{"content":"<p>\\r\\n<a href=\\"https:\\/\\/caai.bg\\" target=\\"_blank\\"><img src=\\"\\/petitions\\/2\\/images\\/Logo-caai.png\\" class=\\"logo\\"><\\/a>\\r\\n<a href=\\"https:\\/\\/furfreeretailer.com\\" target=\\"_blank\\"><img src=\\"\\/petitions\\/2\\/images\\/Logo-furfree.png\\" class=\\"logo\\"><\\/a><\\/p><p>\\r\\n<\\/p>\\r\\n<h1>\\u041f\\u043e\\u043c\\u043e\\u0433\\u043d\\u0435\\u0442\\u0435 \\u043d\\u0438 \\u0434\\u0430 \\u0443\\u0431\\u0435\\u0434\\u0438\\u043c \\u043c\\u043e\\u0434\\u043d\\u0438\\u0442\\u0435 \\u043a\\u043e\\u043c\\u043f\\u0430\\u043d\\u0438\\u0438 \\u0434\\u0430 \\u0441\\u043f\\u0440\\u0430\\u0442 \\u0434\\u0430 \\u043f\\u043e\\u0434\\u043a\\u0440\\u0435\\u043f\\u044f\\u0442 \\u043a\\u043e\\u0436\\u0443\\u0445\\u0430\\u0440\\u0441\\u043a\\u0430\\u0442\\u0430 \\u0438\\u043d\\u0434\\u0443\\u0441\\u0442\\u0440\\u0438\\u044f.<\\/h1>\\r\\n<h3>\\u0418\\u0437\\u0440\\u0430\\u0437\\u0435\\u0442\\u0435 \\u043f\\u043e\\u0437\\u0438\\u0446\\u0438\\u044f\\u0442\\u0430 \\u0441\\u0438 \\u0438 \\u043f\\u043e\\u0434\\u043f\\u0438\\u0448\\u0435\\u0442\\u0435 \\u043f\\u0435\\u0442\\u0438\\u0446\\u0438\\u044f\\u0442\\u0430<\\/h3>\\r\\n<a href=\\"#video\\" class=\\"btn btn-transparent btn-lg btn-info\\"><img src=\\"data:image\\/svg+xml;base64,PHN2ZyB3aWR0aD0iMjJweCIgaGVpZ2h0PSIyMnB4IiB2aWV3Qm94PSIwIDAgMjIgMjIiIHZlcnNpb249IjEuMSIgeG1sbnM9Imh0dHA6Ly93d3cudzMub3JnLzIwMDAvc3ZnIiB4bWxuczp4bGluaz0iaHR0cDovL3d3dy53My5vcmcvMTk5OS94bGluayI+CiAgICA8ZGVmcz48L2RlZnM+CiAgICA8ZyBpZD0iSG9tZXBhZ2UiIHN0cm9rZT0ibm9uZSIgc3Ryb2tlLXdpZHRoPSIxIiBmaWxsPSJub25lIiBmaWxsLXJ1bGU9ImV2ZW5vZGQiIHN0cm9rZS1saW5lY2FwPSJyb3VuZCIgc3Ryb2tlLWxpbmVqb2luPSJyb3VuZCI+CiAgICAgICAgPGcgaWQ9IkhlYWRpbmctQ29weSIgdHJhbnNmb3JtPSJ0cmFuc2xhdGUoLTI3OS4wMDAwMDAsIC00OTguMDAwMDAwKSIgc3Ryb2tlPSIjRkZGRkZGIiBzdHJva2Utd2lkdGg9IjIiPgogICAgICAgICAgICA8ZyBpZD0iYnRuLXNlY29uZGFyeSIgdHJhbnNmb3JtPSJ0cmFuc2xhdGUoMjI0LjAwMDAwMCwgNDgzLjAwMDAwMCkiPgogICAgICAgICAgICAgICAgPGcgaWQ9InBsYXktY2lyY2xlIiB0cmFuc2Zvcm09InRyYW5zbGF0ZSg1Ni4wMDAwMDAsIDE2LjAwMDAwMCkiPgogICAgICAgICAgICAgICAgICAgIDxjaXJjbGUgaWQ9Ik92YWwiIGN4PSIxMCIgY3k9IjEwIiByPSIxMCI+PC9jaXJjbGU+CiAgICAgICAgICAgICAgICAgICAgPHBvbHlnb24gaWQ9IlNoYXBlIiBwb2ludHM9IjggNiAxNCAxMCA4IDE0Ij48L3BvbHlnb24+CiAgICAgICAgICAgICAgICA8L2c+CiAgICAgICAgICAgIDwvZz4KICAgICAgICA8L2c+CiAgICA8L2c+Cjwvc3ZnPgo=\\"> \\u0412\\u0438\\u0436\\u0442\\u0435 \\u0432\\u0438\\u0434\\u0435\\u043e\\u0442\\u043e<\\/a>"}'),
(110, 6, 1, 108, 0, 'Subscribe form', 'form', 'sign', '', '', NULL, '{"head":"<h3>\\u041f\\u0440\\u043e\\u043c\\u044f\\u043d\\u0430\\u0442\\u0430 \\u0437\\u0430\\u0432\\u0438\\u0441\\u0438 \\u043e\\u0442 \\u0412\\u0430\\u0441.<br>\\r\\n\\t\\u041f\\u043e\\u0434\\u043f\\u0438\\u0448\\u0435\\u0442\\u0435 \\u043f\\u0440\\u0438\\u0437\\u0438\\u0432\\u0430 \\u043a\\u044a\\u043c \\u0442\\u044a\\u0440\\u0433\\u043e\\u0432\\u0446\\u0438\\u0442\\u0435!<\\/h3>\\r\\n<p class=\\"subtitle\\">\\u0412\\u0435\\u0447\\u0435 <strong id=\\"current_sig_count\\">{count_signed}<\\/strong> \\u0434\\u0443\\u0448\\u0438 \\u0441\\u0430 \\u043f\\u043e\\u0434\\u043f\\u0438\\u0441\\u0430\\u043b\\u0438 \\u043f\\u0435\\u0442\\u0438\\u0446\\u0438\\u044f\\u0442\\u0430. \\u0422\\u0440\\u044f\\u0431\\u0432\\u0430\\u0442 \\u043e\\u0449\\u0435 <strong id=\\"to_next_goal\\">{count_remaining}<\\/strong> \\u0434\\u043e \\u0441\\u043b\\u0435\\u0434\\u0432\\u0430\\u0449\\u0430\\u0442\\u0430 \\u0446\\u0435\\u043b.<\\/p>","terms":"<p class=\\"terms\\">\\u041f\\u0435\\u0442\\u0438\\u0446\\u0438\\u044f\\u0442\\u0430 \\u0441\\u0435 \\u043f\\u0440\\u043e\\u0432\\u0435\\u0436\\u0434\\u0430 \\u043e\\u0442 \\r\\n\\u0421\\u0434\\u0440\\u0443\\u0436\\u0435\\u043d\\u0438\\u0435 \\"\\u041a\\u0430\\u043c\\u043f\\u0430\\u043d\\u0438\\u0438 \\u0438 \\u0430\\u043a\\u0442\\u0438\\u0432\\u0438\\u0437\\u044a\\u043c \\u0437\\u0430 \\u0436\\u0438\\u0432\\u043e\\u0442\\u043d\\u0438\\u0442\\u0435 \\u0432 \\u0438\\u043d\\u0434\\u0443\\u0441\\u0442\\u0440\\u0438\\u044f\\u0442\\u0430\\" (\\u041a\\u0410\\u0416\\u0418). \\u041d\\u0438\\u0435 \\r\\n\\u0443\\u0432\\u0430\\u0436\\u0430\\u0432\\u0430\\u043c\\u0435 \\u0412\\u0430\\u0448\\u0430\\u0442\\u0430 \\u043f\\u043e\\u0432\\u0435\\u0440\\u0438\\u0442\\u0435\\u043b\\u043d\\u043e\\u0441\\u0442 \\u0438 \\u0433\\u0430\\u0440\\u0430\\u043d\\u0442\\u0438\\u0440\\u0430\\u043c\\u0435, \\u0447\\u0435 \\u043f\\u0440\\u0435\\u0434\\u043e\\u0441\\u0442\\u0430\\u0432\\u0435\\u043d\\u0430\\u0442\\u0430 \\r\\n\\u0438\\u043d\\u0444\\u043e\\u0440\\u043c\\u0430\\u0446\\u0438\\u044f \\u0449\\u0435 \\u0441\\u0435 \\u0438\\u0437\\u043f\\u043e\\u043b\\u0437\\u0432\\u0430 \\u0441\\u0430\\u043c\\u043e \\u0437\\u0430 \\u0446\\u0435\\u043b\\u0438, \\u0441\\u0432\\u044a\\u0440\\u0437\\u0430\\u043d\\u0438 \\u0441 \\u043f\\u0435\\u0442\\u0438\\u0446\\u0438\\u044f\\u0442\\u0430. \\u041f\\u044a\\u043b\\u043d\\u0430\\u0442\\u0430 \\r\\n\\u0438\\u043d\\u0444\\u043e\\u0440\\u043c\\u0430\\u0446\\u0438\\u044f \\u0437\\u0430 \\u0437\\u0430\\u0449\\u0438\\u0442\\u0430 \\u043d\\u0430 \\u043b\\u0438\\u0447\\u043d\\u0438\\u0442\\u0435 \\u0412\\u0438 \\u0434\\u0430\\u043d\\u043d\\u0438 \\u043c\\u043e\\u0436\\u0435 \\u0434\\u0430 \\u0431\\u044a\\u0434\\u0435 \\u043d\\u0430\\u043c\\u0435\\u0440\\u0435\\u043d\\u0430 \\u0432 \\u043d\\u0430\\u0448\\u0430\\u0442\\u0430 <a href=\\"https:\\/\\/caai.bg\\/politika-za-poveritelnost\\/\\">\\u041f\\u043e\\u043b\\u0438\\u0442\\u0438\\u043a\\u0430 \\u0437\\u0430 \\u043f\\u043e\\u0432\\u0435\\u0440\\u0438\\u0442\\u0435\\u043b\\u043d\\u043e\\u0441\\u0442<\\/a>. \\u0421 \\u043f\\u043e\\u0434\\u043f\\u0438\\u0441\\u0432\\u0430\\u043d\\u0435\\u0442\\u043e \\u043d\\u0430 \\u043f\\u0435\\u0442\\u0438\\u0446\\u0438\\u044f\\u0442\\u0430, \\u0412\\u0438\\u0435 \\u0441\\u0435 \\u0441\\u044a\\u0433\\u043b\\u0430\\u0441\\u044f\\u0432\\u0430\\u0442\\u0435 \\u0441 \\u043e\\u0431\\u0440\\u0430\\u0431\\u043e\\u0442\\u043a\\u0430\\u0442\\u0430 \\u043d\\u0430 \\u043b\\u0438\\u0447\\u043d\\u0438\\u0442\\u0435 \\u0412\\u0438 \\u0434\\u0430\\u043d\\u043d\\u0438 \\u0437\\u0430 \\u0446\\u0435\\u043b\\u0438\\u0442\\u0435 \\u043d\\u0430 \\u043f\\u0435\\u0442\\u0438\\u0446\\u0438\\u044f\\u0442\\u0430.<\\/p>","button_class":"btn btn-danger btn-block btn-lg","button_text":"<img src=\\"data:image\\/svg+xml;base64,PHN2ZyB3aWR0aD0iMjFweCIgaGVpZ2h0PSIyM3B4IiB2aWV3Qm94PSIwIDAgMjEgMjMiIHZlcnNpb249IjEuMSIgeG1sbnM9Imh0dHA6Ly93d3cudzMub3JnLzIwMDAvc3ZnIiB4bWxuczp4bGluaz0iaHR0cDovL3d3dy53My5vcmcvMTk5OS94bGluayI+CiAgICA8ZGVmcz48L2RlZnM+CiAgICA8ZyBpZD0iSG9tZXBhZ2UiIHN0cm9rZT0ibm9uZSIgc3Ryb2tlLXdpZHRoPSIxIiBmaWxsPSJub25lIiBmaWxsLXJ1bGU9ImV2ZW5vZGQiIHN0cm9rZS1saW5lY2FwPSJyb3VuZCIgc3Ryb2tlLWxpbmVqb2luPSJyb3VuZCI+CiAgICAgICAgPGcgaWQ9IkhlYWRpbmctQ29weSIgdHJhbnNmb3JtPSJ0cmFuc2xhdGUoLTEwOTAuMDAwMDAwLCAtNjEyLjAwMDAwMCkiIHN0cm9rZT0iI0ZGRkZGRiIgc3Ryb2tlLXdpZHRoPSIyIj4KICAgICAgICAgICAgPGcgaWQ9IkZvcm11bGFyeiIgdHJhbnNmb3JtPSJ0cmFuc2xhdGUoODkyLjAwMDAwMCwgNDMuMDAwMDAwKSI+CiAgICAgICAgICAgICAgICA8ZyBpZD0iQnRuLWJsb2NrLWJ0bi1sZyIgdHJhbnNmb3JtPSJ0cmFuc2xhdGUoMzcuMDAwMDAwLCA1NTQuMzEyOTI1KSI+CiAgICAgICAgICAgICAgICAgICAgPGcgaWQ9ImVkaXQtMyIgdHJhbnNmb3JtPSJ0cmFuc2xhdGUoMTYyLjM0NDE2OCwgMTUuOTQ1NTc4KSI+CiAgICAgICAgICAgICAgICAgICAgICAgIDxwb2x5Z29uIGlkPSJTaGFwZSIgcG9pbnRzPSIxMS4yMzEzNTc2IDAgMTUuMzE1NDg3NiAzLjk4NjM5NDU2IDQuMDg0MTMwMDIgMTQuOTQ4OTc5NiAwIDE0Ljk0ODk3OTYgMCAxMC45NjI1ODUiPjwvcG9seWdvbj4KICAgICAgICAgICAgICAgICAgICAgICAgPHBhdGggZD0iTTAsMTkuOTMxOTcyOCBMMTguMzc4NTg1MSwxOS45MzE5NzI4IiBpZD0iU2hhcGUiPjwvcGF0aD4KICAgICAgICAgICAgICAgICAgICA8L2c+CiAgICAgICAgICAgICAgICA8L2c+CiAgICAgICAgICAgIDwvZz4KICAgICAgICA8L2c+CiAgICA8L2c+Cjwvc3ZnPgo=\\" alt=\\"\\">\\u041f\\u043e\\u0434\\u043f\\u0438\\u0448\\u0438 \\u043f\\u0435\\u0442\\u0438\\u0446\\u0438\\u044f\\u0442\\u0430"}'),
(111, 6, 2, NULL, 14, 'Благодарим за Вашия глас', 'text', 'thanks', 'text-white text-center bg-green-overlay', 'bg-fox-in-cage-2.jpg', NULL, '{"content":"<h1>\\u0411\\u043b\\u0430\\u0433\\u043e\\u0434\\u0430\\u0440\\u0438\\u043c \\u0437\\u0430 \\u0412\\u0430\\u0448\\u0438\\u044f \\u0433\\u043b\\u0430\\u0441<\\/h1>\\r\\n<p><img src=\\"\\/images\\/heart.svg\\" height=\\"70\\"\\/>\\r\\n<h3 class=\\"underlined-title\\">\\u0417\\u0430\\u0435\\u0434\\u043d\\u043e \\u043c\\u043e\\u0436\\u0435\\u043c \\u0434\\u0430 \\u0441\\u044a\\u0437\\u0434\\u0430\\u0434\\u0435\\u043c \\u043f\\u0440\\u043e\\u043c\\u044f\\u043d\\u0430 \\u0437\\u0430 \\u0436\\u0438\\u0432\\u043e\\u0442\\u043d\\u0438\\u0442\\u0435<\\/h3>"}');

-- --------------------------------------------------------

--
-- Table structure for table `user`
--

CREATE TABLE IF NOT EXISTS `user` (
  `id` int(10) unsigned NOT NULL,
  `role` enum('superadmin','admin','publisher') COLLATE latin1_bin NOT NULL DEFAULT 'publisher',
  `permission_flags` int(10) unsigned NOT NULL DEFAULT '0',
  `flag_enabled` bit(1) NOT NULL DEFAULT b'1',
  `username` varchar(16) COLLATE latin1_bin NOT NULL,
  `name` varchar(32) CHARACTER SET utf8 COLLATE utf8_bin NOT NULL,
  `password` varchar(128) COLLATE latin1_bin NOT NULL,
  `preferences` varchar(1024) COLLATE latin1_bin NOT NULL DEFAULT ''
) ENGINE=InnoDB AUTO_INCREMENT=4 DEFAULT CHARSET=latin1 COLLATE=latin1_bin;

--
-- Dumping data for table `user`
--

INSERT INTO `user` (`id`, `role`, `permission_flags`, `flag_enabled`, `username`, `name`, `password`, `preferences`) VALUES
(2, 'superadmin', 0, b'1', 'root', 'Root', '$2y$13$fBE/Hn5rfuqvyxM63ArrnemOB6F7r4JL2o6y3EzBKHoaM56J5zOaq', '{"text_editor":"codemirror","vim_mode":"1"}'),
(3, 'admin', 511, b'1', 'daniel', 'Daniel Linkov', '$2y$13$kLzWhKrqd2fPXfmuyCVlNe8DqO/b56VRBOtynbSULOEtxVfsfzAVi', '');

--
-- Indexes for dumped tables
--

--
-- Indexes for table `country`
--
ALTER TABLE `country`
  ADD PRIMARY KEY (`id`),
  ADD UNIQUE KEY `alpha` (`alpha`);

--
-- Indexes for table `petition`
--
ALTER TABLE `petition`
  ADD PRIMARY KEY (`id`);

--
-- Indexes for table `section`
--
ALTER TABLE `section`
  ADD PRIMARY KEY (`id`),
  ADD KEY `petition_id` (`petition_id`);

--
-- Indexes for table `user`
--
ALTER TABLE `user`
  ADD PRIMARY KEY (`id`),
  ADD KEY `username` (`username`);

--
-- AUTO_INCREMENT for dumped tables
--

--
-- AUTO_INCREMENT for table `country`
--
ALTER TABLE `country`
  MODIFY `id` int(11) NOT NULL AUTO_INCREMENT,AUTO_INCREMENT=250;
--
-- AUTO_INCREMENT for table `petition`
--
ALTER TABLE `petition`
  MODIFY `id` int(10) unsigned NOT NULL AUTO_INCREMENT,AUTO_INCREMENT=7;
--
-- AUTO_INCREMENT for table `section`
--
ALTER TABLE `section`
  MODIFY `id` int(10) unsigned NOT NULL AUTO_INCREMENT,AUTO_INCREMENT=112;
--
-- AUTO_INCREMENT for table `user`
--
ALTER TABLE `user`
  MODIFY `id` int(10) unsigned NOT NULL AUTO_INCREMENT,AUTO_INCREMENT=4;
/*!40101 SET CHARACTER_SET_CLIENT=@OLD_CHARACTER_SET_CLIENT */;
/*!40101 SET CHARACTER_SET_RESULTS=@OLD_CHARACTER_SET_RESULTS */;
/*!40101 SET COLLATION_CONNECTION=@OLD_COLLATION_CONNECTION */;
